symbol,start_month,end_month,n_months,name,market,sector,max_y_pre3m,max_d_DP_RS,avg_valid_feat,completeness_pct,has_distress,status_str
2S,2009-09,2026-08,204,2S METAL PUBLIC COMPANY LIMITED,SET,Steel and Metal Products,0,0,23.730392156862745,79.10130718954248,False,Normal
3BBIF,2015-02,2026-08,139,3BB INTERNET INFRASTRUCTURE FUND,SET,Information & Communication Technology,0,0,20.086330935251798,66.95443645083932,False,Normal
88TH,2025-10,2026-08,11,88(Thailand) Public Company Limited,mai,,0,0,6.545454545454546,21.81818181818182,False,Normal
A,2004-04,2026-08,269,AREEYA PROPERTY PUBLIC COMPANY LIMITED,SET,Property Development,1,1,23.54275092936803,78.47583643122677,True,Distress/RS
A5,2003-11,2026-08,274,ASSET FIVE GROUP PUBLIC COMPANY LIMITED,SET,Property Development,0,0,21.66788321167883,72.22627737226277,False,Normal
AAI,2022-11,2026-08,46,Asian Alliance International Public Company Limited,SET,Food & Beverage,0,0,23.195652173913043,77.31884057971014,False,Normal
AAV,2012-05,2026-08,172,ASIA AVIATION PUBLIC COMPANY LIMITED,SET,Transportation & Logistics,0,0,25.99418604651163,86.64728682170542,False,Normal
ABM,2018-02,2026-08,103,ASIA BIOMASS PUBLIC COMPANY LIMITED,mai,,0,0,23.16504854368932,77.21682847896439,False,Normal
ACAP,2005-12,2023-05,210,ASIA CAPITAL GROUP PUBLIC COMPANY LIMITED,mai,Finance and Securities,1,1,7.980952380952381,26.6031746031746,True,Distress/RS
ACC,1993-03,2026-08,402,ADVANCED CONNECTION CORPORATION PUBLIC COMPANY LIMITED,SET,Energy & Utilities,0,0,16.619402985074625,55.39800995024875,False,Normal
ACE,2019-11,2026-08,82,ABSOLUTE CLEAN ENERGY PUBLIC COMPANY LIMITED,SET,Energy & Utilities,0,0,29.146341463414632,97.15447154471543,False,Normal
ACG,2019-06,2026-08,87,AUTOCORP HOLDING PUBLIC COMPANY LIMITED,SET,Automotive,0,0,23.67816091954023,78.9272030651341,False,Normal
ADB,2017-11,2026-08,106,APPLIED DB PUBLIC COMPANY LIMITED,mai,Banking,0,0,26.0,86.66666666666667,False,Normal
ADD,2021-05,2026-08,64,ADDTECH HUB PUBLIC COMPANY LIMITED,mai,,0,0,23.578125,78.59375,False,Normal
ADVANC,1991-11,2026-08,418,ADVANCED INFO SERVICE PUBLIC COMPANY LIMITED,SET,Information & Communication Technology,0,0,22.95693779904306,76.52312599681021,False,Normal
ADVICE,2024-01,2026-08,32,Advice IT Infinite Public Company Limited,SET,Commerce,0,0,21.5625,71.875,False,Normal
AE,2002-04,2026-08,293,ALL ENERGY & UTILITIES PUBLIC COMPANY LIMITED,SET,Energy & Utilities,0,0,22.38566552901024,74.6188850967008,False,Normal
AEONTS,2001-12,2026-08,297,AEON THANA SINSAP (THAILAND) PUBLIC COMPANY LIMITED,SET,Finance & Securities,0,0,23.62962962962963,78.76543209876543,False,Normal
AF,2004-08,2026-08,265,AIRA FACTORING PUBLIC COMPANY LIMITED,mai,,0,0,22.660377358490567,75.53459119496856,False,Normal
AFC,1990-01,2026-08,440,ASIA FIBER PUBLIC COMPANY LIMITED,SET,Fashion,0,0,17.770454545454545,59.23484848484848,False,Normal
AGE,2009-02,2026-08,211,ASIA GREEN ENERGY PUBLIC COMPANY LIMITED,SET,Energy & Utilities,0,0,23.56872037914692,78.56240126382306,False,Normal
AH,2002-10,2026-08,287,AAPICO HITECH PUBLIC COMPANY LIMITED,SET,Automotive,0,0,24.766550522648085,82.55516840882694,False,Normal
AHC,1992-01,2026-08,416,AIKCHOL HOSPITAL PUBLIC COMPANY LIMITED,SET,Health Care Services,0,0,16.670673076923077,55.568910256410255,False,Normal
AI,2005-12,2026-08,249,ASIAN INSULATORS PUBLIC COMPANY LIMITED,SET,Energy & Utilities,0,0,23.53012048192771,78.43373493975903,False,Normal
AIE,2014-01,2026-08,152,AI ENERGY PUBLIC COMPANY LIMITED,SET,Energy & Utilities,0,0,22.70394736842105,75.6798245614035,False,Normal
AIMCG,2019-07,2026-08,86,AIM COMMERCIAL GROWTH FREEHOLD AND LEASEHOLD REAL ESTATE INVESTMENT TRUST,SET,Property Fund & REITs,0,0,21.151162790697676,70.50387596899225,False,Normal
AIMIRT,2018-01,2026-08,104,AIM INDUSTRIAL GROWTH FREEHOLD AND LEASEHOLD REAL ESTATE INVESTMENT TRUST,SET,Property Fund & REITs,0,0,19.865384615384617,66.21794871794873,False,Normal
AIRA,2014-07,2026-08,146,AIRA CAPITAL PUBLIC COMPANY LIMITED,mai,,0,0,22.684931506849313,75.61643835616437,False,Normal
AIT,2003-07,2026-08,278,"ADVANCED INFORMATION TECHNOLOGY PUBLIC CO.,LTD.",SET,Information & Communication Technology,0,0,23.31294964028777,77.70983213429257,False,Normal
AJ,1990-12,2026-08,429,A.J. PLAST PUBLIC COMPANY LIMITED,SET,Packaging,0,0,18.51048951048951,61.7016317016317,False,Normal
AJA,2014-02,2026-08,151,AJ ADVANCE TECHNOLOGY PUBLIC COMPANY LIMITED,SET,Home & Office Products,0,0,23.05298013245033,76.84326710816777,False,Normal
AKP,2013-02,2026-08,163,AKKHIE PRAKARN PUBLIC COMPANY LIMITED,mai,,0,0,24.50920245398773,81.69734151329243,False,Normal
AKR,2006-08,2026-08,241,EKARAT ENGINEERING PUBLIC COMPANY LIMITED,SET,Industrial Materials & Machinery,0,0,23.796680497925312,79.32226832641771,False,Normal
AKS,1999-04,2026-07,328,AKS CORPORATION PUBLIC COMPANY LIMITED,SET,Property Development,0,0,7.716463414634147,25.721544715447152,False,Normal
ALL,2019-05,2024-09,65,All Inspire Development PCL,mai,Property Development,1,1,21.846153846153847,72.82051282051282,True,Distress/RS
ALLA,2016-11,2026-08,118,ALLA PUBLIC COMPANY LIMITED,SET,Industrial Materials & Machinery,0,0,23.10169491525424,77.00564971751412,False,Normal
ALLY,2019-12,2026-08,81,ALLY FREEHOLD AND LEASEHOLD REAL ESTATE INVESTMENT TRUST,SET,Property Fund & REITs,0,0,20.061728395061728,66.8724279835391,False,Normal
ALPHAX,2013-12,2026-08,153,ALPHA DIVISIONS PUBLIC COMPANY LIMITED,mai,,0,0,23.163398692810457,77.21132897603485,False,Normal
ALT,2016-07,2026-08,122,ALT TELECOM PUBLIC COMPANY LIMITED,SET,Information & Communication Technology,0,0,23.37704918032787,77.92349726775957,False,Normal
ALUCON,1989-11,2026-08,442,ALUCON PUBLIC COMPANY LIMITED,SET,Packaging,0,0,17.115384615384617,57.05128205128206,False,Normal
AMA,2016-12,2026-08,117,AMA MARINE PUBLIC COMPANY LIMITED,mai,,0,0,23.735042735042736,79.11680911680912,False,Normal
AMANAH,2001-12,2026-08,297,AMANAH LEASING PUBLIC COMPANY LIMITED,SET,Finance & Securities,0,0,21.107744107744107,70.3591470258137,False,Normal
AMARC,2022-10,2026-08,47,ASIA MEDICAL AND AGRICULTURAL LABORATORY AND RESEARCH CENTER PUBLIC COMPANY LIMITED,mai,,0,0,23.02127659574468,76.73758865248227,False,Normal
AMARIN,1992-01,2026-08,416,AMARIN CORPORATIONS PUBLIC COMPANY LIMITED,SET,Media & Publishing,0,0,18.30048076923077,61.00160256410256,False,Normal
AMATA,2000-06,2026-08,315,AMATA CORPORATION PUBLIC COMPANY LIMITED,SET,Property Development,0,0,25.165079365079364,83.88359788359789,False,Normal
AMATAR,2015-06,2026-08,135,AMATA SUMMIT GROWTH FREEHOLD AND LEASEHOLD REAL ESTATE INVESTMENT TRUST,SET,Property Fund & REITs,0,0,19.874074074074073,66.24691358024691,False,Normal
AMATAV,2015-12,2026-08,129,AMATA VN PUBLIC COMPANY LIMITED,SET,Property Development,0,0,25.790697674418606,85.96899224806201,False,Normal
AMC,2004-08,2026-08,265,ASIA METAL PUBLIC COMPANY LIMITED,SET,Steel and Metal Products,0,0,23.59622641509434,78.65408805031447,False,Normal
AMR,2021-08,2026-08,61,AMR ASIA PUBLIC COMPANY LIMITED,SET,Information & Communication Technology,0,0,22.540983606557376,75.13661202185791,False,Normal
ANAN,2012-12,2026-08,165,ANANDA DEVELOPMENT PUBLIC COMPANY LIMITED,SET,Property Development,0,0,23.424242424242426,78.08080808080808,False,Normal
ANI,2023-12,2026-08,33,Asia Network International Public Company Limited,SET,Transportation & Logistics,0,0,21.78787878787879,72.62626262626263,False,Normal
AOT,2004-03,2026-08,270,AIRPORTS OF THAILAND PUBLIC COMPANY LIMITED,SET,Transportation & Logistics,0,0,26.925925925925927,89.75308641975309,False,Normal
AP,1992-09,2026-08,408,AP (THAILAND) PUBLIC COMPANY LIMITED,SET,Property Development,0,0,18.769607843137255,62.56535947712418,False,Normal
APCO,2011-11,2026-08,178,ASIAN PHYTOCEUTICALS PUBLIC COMPANY LIMITED,SET,Personal Products & Pharmaceuticals,0,0,21.8876404494382,72.95880149812733,False,Normal
APCS,2011-09,2026-08,180,ASIA PRECISION PUBLIC COMPANY LIMITED,SET,Construction Services,1,1,23.211111111111112,77.37037037037038,True,Distress/RS
APEX,2017-08,2024-10,87,Apex Development PCL,SET,Property Development,0,0,7.505747126436781,25.019157088122608,False,Normal
APO,2024-04,2026-08,29,Asian Palm Oil Public Company Limited,mai,,0,0,7.448275862068965,24.82758620689655,False,Normal
APP,2019-11,2026-08,82,APPLICAD PUBLIC COMPANY LIMITED,mai,,0,0,23.402439024390244,78.0081300813008,False,Normal
APURE,1993-03,2026-08,402,AGRIPURE HOLDINGS PUBLIC COMPANY LIMITED,SET,Food & Beverage,0,0,18.9726368159204,63.24212271973466,False,Normal
AQUA,2010-09,2026-08,192,AQUA CORPORATION PUBLIC COMPANY LIMITED,SET,Food & Beverage,1,1,23.375,77.91666666666667,True,Distress/RS
ARIN,2019-07,2026-08,86,ARINSIRI LAND PUBLIC COMPANY LIMITED,mai,,0,0,22.825581395348838,76.08527131782947,False,Normal
ARIP,2010-12,2026-08,189,ARIP PUBLIC COMPANY LIMITED,mai,,0,0,21.026455026455025,70.08818342151675,False,Normal
ARROW,2012-12,2026-08,165,ARROW SYNDICATE PUBLIC COMPANY LIMITED,mai,,0,0,23.733333333333334,79.11111111111111,False,Normal
AS,2008-05,2026-08,220,ASPHERE INNOVATIONS PUBLIC COMPANY LIMITED,SET,Media & Publishing,0,0,23.036363636363635,76.78787878787878,False,Normal
ASAP,2017-03,2026-08,114,SYNERGETIC AUTO PERFORMANCE PUBLIC COMPANY LIMITED,SET,Automotive,0,0,23.67543859649123,78.91812865497076,False,Normal
ASEFA,2015-08,2026-08,133,ASEFA PUBLIC COMPANY LIMITED,SET,Industrial Materials & Machinery,0,0,23.67669172932331,78.92230576441102,False,Normal
ASIA,1989-09,2026-08,444,ASIA HOTEL PUBLIC COMPANY LIMITED,SET,Tourism & Leisure,0,0,17.93243243243243,59.77477477477478,False,Normal
ASIAN,1994-07,2026-08,386,ASIAN SEA CORPORATION PUBLIC COMPANY LIMITED,SET,Food & Beverage,0,0,20.3860103626943,67.95336787564766,False,Normal
ASIMAR,1996-01,2026-08,368,ASIAN MARINE SERVICES PUBLIC COMPANY LIMITED,SET,Transportation & Logistics,0,0,20.527173913043477,68.42391304347825,False,Normal
ASK,2005-12,2026-08,249,ASIA SERMKIJ LEASING PUBLIC COMPANY LIMITED,SET,Finance & Securities,0,0,22.87550200803213,76.25167336010709,False,Normal
ASN,2016-05,2026-08,124,ASN BROKER PUBLIC COMPANY LIMITED,mai,,0,0,21.56451612903226,71.88172043010753,False,Normal
ASP,1990-01,2026-08,440,ASIA PLUS GROUP HOLDINGS PUBLIC COMPANY LIMITED,SET,Finance & Securities,0,0,17.51590909090909,58.38636363636363,False,Normal
ASTR,2020-09,2026-08,72,ASTRA ENTERPRISE PUBLIC COMPANY LIMITED,mai,,0,0,22.430555555555557,74.76851851851852,False,Normal
ASW,2021-04,2026-08,65,ASSETWISE PUBLIC COMPANY LIMITED,SET,Property Development,0,0,25.876923076923077,86.25641025641025,False,Normal
ATLAS,2025-10,2026-08,11,Atlas Energy Public Company Limited,SET,Energy & Utilities,0,0,19.818181818181817,66.06060606060605,False,Normal
ATP30,2015-08,2026-08,133,ATP30 PUBLIC COMPANY LIMITED,mai,,0,0,23.74436090225564,79.14786967418547,False,Normal
AU,2016-12,2026-08,117,AFTER YOU PUBLIC COMPANY LIMITED,mai,,0,0,23.632478632478634,78.77492877492878,False,Normal
AUCT,2013-08,2026-08,157,UNION AUCTION PUBLIC COMPANY LIMITED,mai,,0,0,20.96815286624204,69.89384288747347,False,Normal
AURA,2022-11,2026-08,46,Aurora Design Public Company Limited,SET,Fashion,0,0,27.891304347826086,92.97101449275362,False,Normal
AWC,2019-10,2026-08,83,ASSET WORLD CORP PUBLIC COMPANY LIMITED,SET,Property Development,0,0,28.57831325301205,95.26104417670683,False,Normal
AXTRART,2024-12,2026-08,21,Axtra Future City Freehold and Leasehold Real Estate Investment Trust,SET,Property Fund & REITs,0,0,13.80952380952381,46.03174603174603,False,Normal
AYUD,1988-01,2026-08,464,ALLIANZ AYUDHYA CAPITAL PUBLIC COMPANY LIMITED,SET,Insurance,0,0,12.10344827586207,40.3448275862069,False,Normal
B,2018-03,2026-08,102,BEGISTICS PUBLIC COMPANY LIMITED,SET,Transportation & Logistics,1,1,21.91176470588235,73.0392156862745,True,Distress/RS
B-WORK,2018-03,2026-08,102,BUALUANG OFFICE LEASEHOLD REAL ESTATE INVESTMENT TRUST,SET,Property Fund & REITs,0,0,20.07843137254902,66.92810457516339,False,Normal
B52,2019-05,2026-08,88,B-52 CAPITAL PUBLIC COMPANY LIMITED,SET,Commerce,0,0,22.477272727272727,74.92424242424242,False,Normal
BA,2014-11,2026-08,142,BANGKOK AIRWAYS PUBLIC COMPANY LIMITED,SET,Transportation & Logistics,0,0,24.838028169014084,82.79342723004694,False,Normal
BAFS,2002-04,2026-08,293,BANGKOK AVIATION FUEL SERVICES PCL.,SET,Energy & Utilities,0,0,24.344709897610922,81.14903299203641,False,Normal
BAM,2019-12,2026-08,81,BANGKOK COMMERCIAL ASSET MANAGEMENT PUBLIC COMPANY LIMITED,SET,Finance & Securities,0,0,21.71604938271605,72.38683127572017,False,Normal
BANPU,1989-06,2026-08,447,BANPU PUBLIC COMPANY LIMITED,SET,Energy & Utilities,0,0,7.628635346756152,25.428784489187173,False,Normal
BAREIT,2022-09,2026-08,48,BA Airport Leasehold Real Estate Investment Trust,SET,Property Fund & REITs,0,0,15.166666666666666,50.55555555555556,False,Normal
BAY,1984-01,2026-08,512,BANK OF AYUDHYA PUBLIC COMPANY LIMITED,SET,Banking,0,0,15.634765625,52.115885416666664,False,Normal
BBGI,2022-03,2026-08,54,BBGI PUBLIC COMPANY LIMITED,SET,Energy & Utilities,0,0,25.22222222222222,84.07407407407406,False,Normal
BBIK,2021-09,2026-08,60,BLUEBIK GROUP PUBLIC COMPANY LIMITED,SET,Information & Communication Technology,0,0,23.3,77.66666666666667,False,Normal
BBL,1984-01,2026-08,512,BANGKOK BANK PUBLIC COMPANY LIMITED,SET,Banking,0,0,15.642578125,52.14192708333333,False,Normal
BC,2019-11,2026-08,82,BOUTIQUE CORPORATION PUBLIC COMPANY LIMITED,mai,,0,0,22.585365853658537,75.28455284552845,False,Normal
BCH,2004-11,2026-08,262,BANGKOK CHAIN HOSPITAL PUBLIC COMPANY LIMITED,SET,Health Care Services,0,0,25.049618320610687,83.49872773536896,False,Normal
BCP,1994-08,2026-08,385,BANGCHAK CORPORATION PUBLIC COMPANY LIMITED,SET,Energy & Utilities,0,0,21.306493506493506,71.02164502164501,False,Normal
BCPG,2016-09,2026-08,120,BCPG PUBLIC COMPANY LIMITED,SET,Energy & Utilities,0,0,26.475,88.25,False,Normal
BCT,1990-08,2026-08,433,BIRLA CARBON (THAILAND) PUBLIC COMPANY LIMITED,SET,Petrochemicals & Chemicals,0,0,17.842956120092378,59.47652040030793,False,Normal
BDMS,1991-10,2026-08,419,BANGKOK DUSIT MEDICAL SERVICES PUBLIC COMPANY LIMITED,SET,Health Care Services,0,0,20.56801909307876,68.56006364359587,False,Normal
BE8,2021-11,2026-08,58,BERYL 8 PLUS PUBLIC COMPANY LIMITED,mai,,0,0,23.137931034482758,77.1264367816092,False,Normal
BEAUTY,2012-12,2026-08,165,BEAUTY COMMUNITY PUBLIC COMPANY LIMITED,SET,Commerce,0,0,20.612121212121213,68.7070707070707,False,Normal
BEC,1996-07,2026-08,362,BEC WORLD PUBLIC COMPANY LIMITED,SET,Media & Publishing,0,0,24.052486187845304,80.17495395948434,False,Normal
BEM,2016-01,2026-08,128,BANGKOK EXPRESSWAY AND METRO PUBLIC COMPANY LIMITED,SET,Transportation & Logistics,0,0,28.640625,95.46875,False,Normal
BEYOND,1988-01,2026-08,464,BOUND AND BEYOND PUBLIC COMPANY LIMITED,SET,Tourism & Leisure,0,0,17.54741379310345,58.491379310344826,False,Normal
BGC,2018-10,2026-08,95,BG CONTAINER GLASS PUBLIC COMPANY LIMITED,SET,Packaging,0,0,26.610526315789475,88.70175438596492,False,Normal
BGRIM,2017-07,2026-08,110,B.GRIMM POWER PUBLIC COMPANY LIMITED,SET,Energy & Utilities,0,0,27.80909090909091,92.6969696969697,False,Normal
BGT,2007-12,2026-08,225,BGT CORPORATION PUBLIC COMPANY LIMITED,mai,,0,0,23.40888888888889,78.02962962962962,False,Normal
BH,1989-12,2026-08,441,BUMRUNGRAD HOSPITAL PUBLIC COMPANY LIMITED,SET,Health Care Services,0,0,19.709750566893423,65.6991685563114,False,Normal
BIG,1991-05,2026-08,424,BIG CAMERA CORPORATION PUBLIC COMPANY LIMITED,SET,Commerce,0,0,15.943396226415095,53.144654088050316,False,Normal
BIOTEC,2022-05,2026-08,52,BIO GREEN ENERGY TECH PUBLIC COMPANY LIMITED,SET,Energy & Utilities,0,0,23.28846153846154,77.62820512820512,False,Normal
BIS,2022-05,2026-08,52,Bioscience Animal Health Public Company Limited,mai,,0,0,23.346153846153847,77.82051282051282,False,Normal
BIZ,2016-07,2026-08,122,BUSINESS ALIGNMENT PUBLIC COMPANY LIMITED,SET,Personal Products & Pharmaceuticals,0,0,23.5,78.33333333333333,False,Normal
BJC,1984-01,2026-08,512,BERLI JUCKER PUBLIC COMPANY LIMITED,SET,Commerce,0,0,17.943359375,59.81119791666667,False,Normal
BJCHI,2013-11,2026-08,154,BJC HEAVY INDUSTRIES PUBLIC COMPANY LIMITED,SET,Construction Services,0,0,23.136363636363637,77.12121212121212,False,Normal
BKA,2025-04,2026-08,17,Bangkok Asset Intergroup Public Company Limited,mai,,0,0,7.0588235294117645,23.52941176470588,False,Normal
BKD,2013-09,2026-08,156,BANGKOK DEC-CON PUBLIC COMPANY LIMITED,SET,Construction Services,0,0,23.455128205128204,78.18376068376068,False,Normal
BKGI,2024-03,2026-08,30,Bangkok Genomics Innovation Public Company Limited,SET,Health Care Services,0,0,22.866666666666667,76.22222222222223,False,Normal
BKIH,2024-06,2026-08,27,BKI HOLDINGS PUBLIC COMPANY LIMITED,SET,Insurance,0,0,18.703703703703702,62.34567901234568,False,Normal
BLA,2009-09,2026-08,204,BANGKOK LIFE ASSURANCE PUBLIC COMPANY LIMITED,SET,Insurance,0,0,16.235294117647058,54.11764705882353,False,Normal
BLAND,1992-02,2026-08,415,BANGKOK LAND PUBLIC COMPANY LIMITED,SET,Property Development,0,0,19.746987951807228,65.82329317269075,False,Normal
BLC,2023-06,2026-08,39,Bangkok Lab and Cosmetic Public Company Limited,SET,Personal Products & Pharmaceuticals,0,0,24.871794871794872,82.90598290598291,False,Normal
BLESS,2022-07,2026-08,50,BLESS ASSET GROUP PUBLIC COMPANY LIMITED,mai,Property Development,0,0,23.38,77.93333333333334,False,Normal
BLISS,2004-12,2019-07,176,BLISS INTELLIGENCE PUBLIC COMPANY LIMITED,SET,Information & Communication Technology,0,0,7.443181818181818,24.810606060606062,False,Normal
BM,2016-05,2026-08,124,BANGKOK SHEET METAL PUBLIC COMPANY LIMITED,mai,,0,0,7.870967741935484,26.236559139784948,False,Normal
BOFFICE,2018-01,2026-08,104,BHIRAJ OFFICE LEASEHOLD REAL ESTATE INVESTMENT TRUST,SET,Property Fund & REITs,0,0,19.865384615384617,66.21794871794873,False,Normal
BOL,2005-12,2026-08,249,BUSINESS ONLINE PUBLIC COMPANY LIMITED,mai,,0,0,20.305220883534137,67.68406961178044,False,Normal
BPP,2016-10,2026-07,118,Banpu Power PCL,SET,Energy & Utilities,0,0,7.88135593220339,26.27118644067797,False,Normal
BPS,2024-04,2026-08,29,BPS Technology Public Company Limited,mai,,0,0,7.448275862068965,24.82758620689655,False,Normal
BR,2015-07,2026-08,134,BANGKOK RANCH PUBLIC COMPANY LIMITED,SET,Food & Beverage,0,0,23.32089552238806,77.7363184079602,False,Normal
BRI,2021-12,2026-08,57,BRITANIA PUBLIC COMPANY LIMITED,SET,Property Development,0,0,22.42105263157895,74.73684210526315,False,Normal
BROCK,2006-11,2026-08,238,BAAN ROCK GARDEN PUBLIC COMPANY LIMITED,SET,Property Development,0,0,22.428571428571427,74.76190476190474,False,Normal
BRR,2014-11,2026-08,142,BURIRAM SUGAR PUBLIC COMPANY LIMITED,SET,Food & Beverage,0,0,23.676056338028168,78.92018779342723,False,Normal
BRRGIF,2017-08,2026-08,109,BURIRAM SUGAR GROUP POWER PLANT INFRASTRUCTURE FUND,SET,Energy & Utilities,0,0,13.385321100917432,44.6177370030581,False,Normal
BSBM,2005-12,2026-08,249,BANGSAPHAN BARMILL PUBLIC COMPANY LIMITED,SET,Steel and Metal Products,0,0,21.799196787148595,72.66398929049532,False,Normal
BSM,2008-02,2026-08,223,BUILDERSMART PUBLIC COMPANY LIMITED,mai,Construction Materials,0,0,23.506726457399104,78.35575485799701,False,Normal
BTC,2003-07,2026-08,278,THE BROOKER GROUP PUBLIC COMPANY LIMITED,mai,,0,0,20.46043165467626,68.20143884892087,False,Normal
BTG,2022-11,2026-08,46,BETAGRO PUBLIC COMPANY LIMITED,SET,Food & Beverage,0,0,27.76086956521739,92.53623188405797,False,Normal
BTNC,1990-01,2026-08,440,BOUTIQUE NEWCITY PUBLIC COMPANY LIMITED,SET,Fashion,0,0,17.55,58.50000000000001,False,Normal
BTS,1991-03,2026-08,426,BTS GROUP HOLDINGS PUBLIC COMPANY LIMITED,SET,Transportation & Logistics,0,0,19.591549295774648,65.30516431924883,False,Normal
BTSGIF,2013-04,2026-08,161,BTS RAIL MASS TRANSIT GROWTH INFRASTRUCTURE FUND,SET,Transportation & Logistics,0,0,13.4472049689441,44.824016563147,False,Normal
BTW,2016-07,2026-08,122,BT WEALTH INDUSTRIES PUBLIC COMPANY LIMITED,mai,,0,0,22.75409836065574,75.84699453551913,False,Normal
BUI,1988-12,2026-08,453,BANGKOK UNION INSURANCE PUBLIC COMPANY LIMITED,SET,Insurance,0,0,13.229580573951434,44.09860191317145,False,Normal
BVG,2023-02,2026-08,43,BlueVenture Group Public Company Limited,mai,,0,0,21.41860465116279,71.3953488372093,False,Normal
BWG,2007-11,2026-08,226,BETTER WORLD GREEN PUBLIC COMPANY LIMITED,SET,Professional Services,0,0,24.36725663716814,81.22418879056048,False,Normal
BYD,2021-08,2026-08,61,BEYOND SECURITIES PUBLIC COMPANY LIMITED,SET,Finance & Securities,0,0,20.40983606557377,68.0327868852459,False,Normal
CAZ,2019-01,2026-08,92,CAZ (THAILAND) PUBLIC COMPANY LIMITED,mai,Construction Services,0,0,23.48913043478261,78.29710144927536,False,Normal
CBG,2014-11,2026-08,142,CARABAO GROUP PUBLIC COMPANY LIMITED,SET,Food & Beverage,0,0,26.507042253521128,88.35680751173709,False,Normal
CCET,2001-01,2026-08,308,"CAL-COMP ELECTRONICS (THAILAND) PUBLIC CO., LTD.",SET,Electronic Components,0,0,23.675324675324674,78.91774891774891,False,Normal
CCP,2003-12,2026-08,273,CHONBURI CONCRETE PRODUCT PUBLIC COMPANY LIMITED,SET,Construction Materials,0,0,23.55677655677656,78.52258852258853,False,Normal
CEN,1991-05,2026-08,424,CAPITAL ENGINEERING NETWORK PUBLIC COMPANY LIMITED,SET,Steel and Metal Products,0,0,17.57547169811321,58.58490566037736,False,Normal
CENTEL,1990-01,2026-08,440,CENTRAL PLAZA HOTEL PUBLIC COMPANY LIMITED,SET,Tourism & Leisure,0,0,18.94090909090909,63.13636363636363,False,Normal
CEYE,2022-04,2026-08,53,Chamni's Eye Public Company Limited,mai,,0,0,22.754716981132077,75.84905660377359,False,Normal
CFARM,2024-06,2026-08,27,CHUWIT FARM (2019) PUBLIC COMPANY LIMITED,mai,,0,0,7.407407407407407,24.69135802469136,False,Normal
CFRESH,1993-08,2026-08,397,SEAFRESH INDUSTRY PUBLIC COMPANY LIMITED,SET,Food & Beverage,0,0,19.727959697733,65.75986565910999,False,Normal
CGD,1997-05,2026-08,352,COUNTRY GROUP DEVELOPMENT PUBLIC COMPANY LIMITED,SET,Property Development,1,1,19.37784090909091,64.59280303030303,True,Distress/RS
CGH,2015-01,2026-08,140,COUNTRY GROUP HOLDINGS PUBLIC COMPANY LIMITED,SET,Finance & Securities,0,0,22.292857142857144,74.30952380952381,False,Normal
CH,2022-09,2026-08,48,Chin Huay Public Company Limited,SET,Food & Beverage,0,0,23.020833333333332,76.7361111111111,False,Normal
CHAO,2024-07,2026-08,26,CHAOSUA FOODS INDUSTRY PUBLIC COMPANY LIMITED,SET,Food & Beverage,0,0,21.384615384615383,71.28205128205127,False,Normal
CHARAN,1993-02,2026-08,403,CHARAN INSURANCE PUBLIC COMPANY LIMITED,SET,Insurance,0,0,12.578163771712159,41.92721257237386,False,Normal
CHASE,2023-02,2026-08,43,Chase Asia Public Company Limited,SET,Finance & Securities,0,0,22.209302325581394,74.03100775193798,False,Normal
CHAYO,2018-03,2026-08,102,CHAYO GROUP PUBLIC COMPANY LIMITED,SET,Finance & Securities,0,0,22.980392156862745,76.6013071895425,False,Normal
CHEWA,2016-04,2026-08,125,CHEWATHAI PUBLIC COMPANY LIMITED,mai,,0,0,23.024,76.74666666666667,False,Normal
CHG,2013-05,2026-08,160,CHULARAT HOSPITAL PUBLIC COMPANY LIMITED,SET,Health Care Services,0,0,26.4125,88.04166666666667,False,Normal
CHIC,2022-07,2026-08,50,CHIC REPUBLIC PUBLIC COMPANY LIMITED,mai,,0,0,23.24,77.46666666666667,False,Normal
CHO,2013-05,2026-07,159,CHO THAVEE PUBLIC COMPANY LIMITED,mai,Automotive,1,1,23.12578616352201,77.08595387840671,True,Distress/RS
CHOTI,1992-02,2026-08,415,"KIANG HUAT SEA GULL TRADING FROZEN FOOD PUBLIC CO., LTD.",SET,Food & Beverage,0,0,18.460240963855423,61.53413654618475,False,Normal
CHOW,2011-12,2026-08,177,CHOW BRIGHT VENTURES HOLDINGS PUBLIC COMPANY LIMITED,mai,Steel & Metal Products,0,0,23.43502824858757,78.11676082862523,False,Normal
CI,2002-12,2026-08,285,CHARN ISSARA DEVELOPMENT PUBLIC COMPANY LIMITED,SET,Property Development,0,0,7.943859649122807,26.479532163742693,False,Normal
CIG,2005-12,2026-08,249,C.I.GROUP PUBLIC COMPANY LIMITED,mai,,0,0,22.72690763052209,75.75635876840695,False,Normal
CIMBT,1984-02,2025-06,497,CIMB THAI BANK PUBLIC COMPANY LIMITED,SET,Banking,0,0,7.285714285714286,24.285714285714285,False,Normal
CITY,2006-02,2026-08,247,CITY STEEL PUBLIC COMPANY LIMITED,SET,Steel and Metal Products,0,0,20.60323886639676,68.67746288798921,False,Normal
CIVIL,2022-01,2026-08,56,CIVIL ENGINEERING PUBLIC COMPANY LIMITED,SET,Construction Services,0,0,23.321428571428573,77.73809523809524,False,Normal
CK,1995-08,2026-08,373,CH. KARNCHANG PUBLIC COMPANY LIMITED,SET,Construction Services,0,0,20.916890080428953,69.72296693476318,False,Normal
CKP,2013-07,2026-08,158,CK POWER PUBLIC COMPANY LIMITED,SET,Energy & Utilities,0,0,26.417721518987342,88.05907172995781,False,Normal
CM,1993-01,2026-08,404,CHIANGMAI FROZEN FOODS PUBLIC COMPANY LIMITED,SET,Food & Beverage,0,0,17.247524752475247,57.491749174917494,False,Normal
CMAN,2018-03,2026-08,102,CHEMEMAN PUBLIC COMPANY LIMITED,SET,Petrochemicals & Chemicals,0,0,23.637254901960784,78.79084967320262,False,Normal
CMC,2018-11,2026-08,94,CHAOPRAYAMAHANAKORN PUBLIC COMPANY LIMITED,SET,Property Development,1,1,23.351063829787233,77.8368794326241,True,Distress/RS
CMO,2005-12,2026-08,249,CMO PUBLIC COMPANY LIMITED,mai,Professional Services,0,0,23.622489959839356,78.74163319946452,False,Normal
CMR,1994-10,2026-08,383,CHIANG MAI RAM MEDICAL BUSINESS PUBLIC COMPANY LIMITED,SET,Health Care Services,0,0,19.096605744125327,63.65535248041776,False,Normal
CNT,1991-03,2026-08,426,CHRISTIANI & NIELSEN (THAI) PUBLIC COMPANY LIMITED,SET,Construction Services,0,0,18.030516431924884,60.10172143974961,False,Normal
COCOCO,2023-09,2026-08,36,Thai Coconut Public Company Limited,SET,Food & Beverage,0,0,22.88888888888889,76.29629629629629,False,Normal
COLOR,2011-06,2026-08,183,SALEE COLOUR PUBLIC COMPANY LIMITED,mai,,0,0,24.584699453551913,81.94899817850637,False,Normal
COM7,2015-08,2026-08,133,COM7 PUBLIC COMPANY LIMITED,SET,Commerce,0,0,26.969924812030076,89.8997493734336,False,Normal
COMAN,2016-11,2026-08,118,COMANCHE INTERNATIONAL PUBLIC COMPANY LIMITED,mai,,0,0,22.508474576271187,75.02824858757063,False,Normal
CPALL,2003-10,2026-08,275,CP ALL PUBLIC COMPANY LIMITED,SET,Commerce,0,0,27.116363636363637,90.38787878787879,False,Normal
CPANEL,2021-09,2026-08,60,CPANEL PUBLIC COMPANY LIMITED,mai,,0,0,23.0,76.66666666666667,False,Normal
CPAXT,2023-06,2026-08,39,CP AXTRA PUBLIC COMPANY LIMITED,SET,Commerce,0,0,19.128205128205128,63.760683760683754,False,Normal
CPF,1987-12,2026-08,465,CHAROEN POKPHAND FOODS PUBLIC COMPANY LIMITED,SET,Food & Beverage,0,0,20.578494623655914,68.59498207885305,False,Normal
CPH,1992-03,2026-08,414,CASTLE PEAK HOLDINGS PUBLIC COMPANY LIMITED,SET,Fashion,0,0,18.57729468599034,61.92431561996779,False,Normal
CPI,1994-05,2026-08,388,CHUMPORN PALM OIL INDUSTRY PUBLIC COMPANY LIMITED,SET,Food & Beverage,0,0,19.70360824742268,65.6786941580756,False,Normal
CPL,1994-12,2026-08,381,CPL GROUP PUBLIC COMPANY LIMITED,SET,Fashion,0,0,19.84776902887139,66.15923009623796,False,Normal
CPN,1995-03,2026-08,378,CENTRAL PATTANA PUBLIC COMPANY LIMITED,SET,Property Development,0,0,22.00793650793651,73.35978835978837,False,Normal
CPNCG,2012-09,2026-08,168,CPN COMMERCIAL GROWTH LEASEHOLD PROPERTY FUND,SET,Property Fund & REITs,0,0,20.011904761904763,66.70634920634922,False,Normal
CPNREIT,2017-12,2026-08,105,CPN RETAIL GROWTH LEASEHOLD REIT,SET,Property Fund & REITs,0,0,19.876190476190477,66.25396825396825,False,Normal
CPR,2005-12,2026-08,249,CPR GOMU INDUSTRIAL PUBLIC COMPANY LIMITED,mai,,0,0,23.63855421686747,78.79518072289157,False,Normal
CPT,2017-12,2026-08,105,CPT DRIVES AND POWER PUBLIC COMPANY LIMITED,SET,Industrial Materials & Machinery,0,0,23.19047619047619,77.3015873015873,False,Normal
CPTREIT,2024-11,2026-08,22,C.P. Tower Leasehold Real Estate Investment Trust,SET,Property Fund & REITs,0,0,11.454545454545455,38.18181818181819,False,Normal
CPW,2019-10,2026-08,83,COPPERWIRED PUBLIC COMPANY LIMITED,SET,Commerce,0,0,23.44578313253012,78.15261044176707,False,Normal
CRANE,2008-02,2026-08,223,CHU KAI PUBLIC COMPANY LIMITED,SET,Industrial Materials & Machinery,0,0,23.48878923766816,78.29596412556053,False,Normal
CRC,2020-02,2026-08,79,CENTRAL RETAIL CORPORATION PUBLIC COMPANY LIMITED,SET,Commerce,0,0,28.962025316455698,96.54008438818565,False,Normal
CRD,2017-10,2026-08,107,CHIANGMAI RIMDOI PUBLIC COMPANY LIMITED,mai,,0,0,23.205607476635514,77.35202492211837,False,Normal
CREDIT,2024-02,2026-08,31,THAI CREDIT BANK PUBLIC COMPANY LIMITED,SET,Banking,0,0,15.903225806451612,53.01075268817203,False,Normal
CSC,1988-01,2026-08,464,CROWN SEAL PUBLIC COMPANY LIMITED,SET,Packaging,0,0,16.60991379310345,55.366379310344826,False,Normal
CSP,2005-12,2026-08,249,CSP STEEL CENTER PUBLIC COMPANY LIMITED,SET,Steel and Metal Products,0,0,23.38152610441767,77.9384203480589,False,Normal
CSR,1989-09,2026-08,444,CITY SPORTS AND RECREATION PUBLIC COMPANY LIMITED,SET,Tourism & Leisure,0,0,14.52027027027027,48.4009009009009,False,Normal
CSS,2013-09,2026-08,156,COMMUNICATION AND SYSTEM SOLUTION PUBLIC COMPANY LIMITED,SET,Commerce,0,0,23.705128205128204,79.01709401709401,False,Normal
CTARAF,2008-10,2026-08,215,CENTARA HOTELS & RESORTS LEASEHOLD PROPERTY FUND,SET,Property Fund & REITs,0,0,12.413953488372092,41.37984496124031,False,Normal
CTW,1984-02,2026-08,511,CHAROONG THAI WIRE & CABLE PUBLIC COMPANY LIMITED,SET,Industrial Materials & Machinery,0,0,16.4853228962818,54.95107632093934,False,Normal
CV,2021-09,2025-07,47,CLOVER POWER PUBLIC COMPANY LIMITED,SET,Energy & Utilities,1,1,7.9361702127659575,26.45390070921986,True,Distress/RS
CWT,1991-04,2026-08,425,CHAI WATANA TANNERY GROUP PUBLIC COMPANY LIMITED,SET,Automotive,0,0,18.348235294117647,61.16078431372549,False,Normal
D,2017-04,2026-08,113,DENTAL CORPORATION PUBLIC COMPANY LIMITED,mai,,0,0,23.699115044247787,78.99705014749262,False,Normal
DCC,1992-01,2026-08,416,DYNASTY CERAMIC PUBLIC COMPANY LIMITED,SET,Construction Materials,0,0,18.716346153846153,62.38782051282051,False,Normal
DCON,2005-12,2026-08,249,DCON PRODUCTS PUBLIC COMPANY LIMITED,SET,Construction Materials,0,0,23.93574297188755,79.78580990629183,False,Normal
DDD,2017-12,2026-08,105,DO DAY DREAM PUBLIC COMPANY LIMITED,SET,Personal Products & Pharmaceuticals,0,0,23.20952380952381,77.36507936507935,False,Normal
DELTA,1995-07,2026-08,374,DELTA ELECTRONICS (THAILAND) PUBLIC COMPANY LIMITED,SET,Electronic Components,0,0,22.711229946524064,75.70409982174688,False,Normal
DEMCO,2006-12,2026-08,237,DEMCO PUBLIC COMPANY LIMITED,SET,Construction Services,0,0,23.573839662447256,78.57946554149086,False,Normal
DEXON,2023-03,2026-08,42,DEXON Technology Public Company Limited,mai,,0,0,22.69047619047619,75.63492063492063,False,Normal
DHOUSE,2020-10,2026-08,71,DHOUSE PATTANA PUBLIC COMPANY LIMITED,mai,Property Development,0,0,22.704225352112676,75.68075117370891,False,Normal
DIF,2013-12,2026-08,153,DIGITAL TELECOMMUNICATIONS INFRASTRUCTURE FUND,SET,Information & Communication Technology,0,0,17.37908496732026,57.93028322440087,False,Normal
DIMET,2008-01,2026-08,224,DIMET (SIAM) PUBLIC COMPANY LIMITED,mai,,0,0,23.053571428571427,76.84523809523809,False,Normal
DITTO,2021-05,2026-08,64,DITTO (THAILAND) PUBLIC COMPANY LIMITED,SET,Information & Communication Technology,0,0,23.46875,78.22916666666667,False,Normal
DMT,2021-05,2026-08,64,DON MUANG TOLLWAY PUBLIC COMPANY LIMITED,SET,Transportation & Logistics,0,0,25.09375,83.64583333333333,False,Normal
DOD,2018-06,2026-08,99,DOD BIOTECH PUBLIC COMPANY LIMITED,mai,,0,0,23.595959595959595,78.65319865319866,False,Normal
DOHOME,2019-08,2026-08,85,DOHOME PUBLIC COMPANY LIMITED,SET,Commerce,0,0,28.75294117647059,95.84313725490196,False,Normal
DPAINT,2021-10,2026-08,59,DELTA PAINT PUBLIC COMPANY LIMITED,mai,,0,0,22.88135593220339,76.27118644067798,False,Normal
DREIT,2017-12,2026-08,105,DUSIT THANI FREEHOLD AND LEASEHOLD REAL ESTATE INVESTMENT TRUST,SET,Property Fund & REITs,0,0,19.761904761904763,65.87301587301587,False,Normal
DRT,2005-12,2026-08,249,DIAMOND BUILDING PRODUCTS PUBLIC COMPANY LIMITED,SET,Construction Materials,0,0,24.863453815261042,82.87817938420348,False,Normal
DTCENT,2022-12,2026-08,45,D.T.C. Enterprise Public Company Limited,SET,Information & Communication Technology,0,0,23.444444444444443,78.14814814814814,False,Normal
DTCI,1992-03,2026-08,414,D.T.C. INDUSTRIES PUBLIC COMPANY LIMITED,SET,Home & Office Products,0,0,18.458937198067634,61.529790660225444,False,Normal
DUSIT,1988-01,2026-08,464,DUSIT THANI PUBLIC COMPANY LIMITED,SET,Tourism & Leisure,0,0,17.101293103448278,57.004310344827594,False,Normal
EA,2013-01,2026-08,164,ENERGY ABSOLUTE PUBLIC COMPANY LIMITED,SET,Energy & Utilities,1,1,28.335365853658537,94.45121951219512,True,Distress/RS
EARTH,1999-04,2019-09,246,Energy Earth PCL,SET,Energy & Utilities,0,0,7.4227642276422765,24.742547425474253,False,Normal
EASON,2005-12,2026-08,249,EASON & CO PUBLIC COMPANY LIMITED,SET,Automotive,0,0,23.79116465863454,79.30388219544847,False,Normal
EAST,2025-03,2026-08,18,EASTERN COMMERCIAL LEASING PUBLIC COMPANY LIMITED,SET,Finance & Securities,0,0,22.11111111111111,73.70370370370371,False,Normal
EASTW,1997-07,2026-08,350,EASTERN WATER RESOURCES DEVELOPMENT AND MANAGEMENT PCL.,SET,Energy & Utilities,0,0,22.53142857142857,75.1047619047619,False,Normal
ECF,2013-03,2026-07,161,EAST COAST FURNITECH PUBLIC COMPANY LIMITED,mai,Home & Office Products,1,1,23.062111801242235,76.87370600414079,True,Distress/RS
EFORL,2009-02,2026-08,211,E FOR L AIM PUBLIC COMPANY LIMITED,mai,Personal Products & Pharmaceuticals,0,0,23.00473933649289,76.6824644549763,False,Normal
EGATIF,2015-07,2026-08,134,"NORTH BANGKOK POWER PLANT BLOCK 1 INFRASTRUCTURE FUND, ELECTRICITY GENERATING AUTHORITY OF THAILAND",SET,Energy & Utilities,0,0,13.238805970149254,44.12935323383085,False,Normal
EGCO,1995-01,2026-08,380,ELECTRICITY GENERATING PUBLIC COMPANY LIMITED,SET,Energy & Utilities,0,0,23.03157894736842,76.7719298245614,False,Normal
EKH,2016-07,2026-08,122,EKACHAI MEDICAL CARE PUBLIC COMPANY LIMITED,SET,Health Care Services,0,0,22.90983606557377,76.36612021857924,False,Normal
EMC,1996-05,2026-08,364,EMC PUBLIC COMPANY LIMITED,SET,Construction Services,0,0,18.9010989010989,63.003663003663,False,Normal
EMPIRE,2025-11,2026-08,10,ORIGIN GLOBAL EMPIRE PUBLIC COMPANY LIMITED,mai,,0,0,21.4,71.33333333333333,False,Normal
EP,1993-04,2026-08,401,EASTERN POWER GROUP PUBLIC COMPANY LIMITED,SET,Energy & Utilities,1,1,18.39152119700748,61.305070656691605,True,Distress/RS
EPG,2014-12,2026-08,141,EASTERN POLYMER GROUP PUBLIC COMPANY LIMITED,SET,Construction Materials,0,0,26.54609929078014,88.4869976359338,False,Normal
ERW,1988-08,2026-08,457,THE ERAWAN GROUP PUBLIC COMPANY LIMITED,SET,Tourism & Leisure,0,0,18.542669584245075,61.80889861415025,False,Normal
ESTAR,1994-02,2026-08,391,EASTERN STAR REAL ESTATE PUBLIC COMPANY LIMITED,SET,Property Development,0,0,18.33248081841432,61.10826939471441,False,Normal
ETC,2020-08,2026-08,73,EARTH TECH ENVIRONMENT PUBLIC COMPANY LIMITED,SET,Energy & Utilities,0,0,26.575342465753426,88.58447488584476,False,Normal
ETE,2017-02,2026-08,115,EASTERN TECHNICAL ENGINEERING PUBLIC COMPANY LIMITED,mai,Professional Services,0,0,23.62608695652174,78.7536231884058,False,Normal
ETL,2023-11,2026-08,34,Euroasia Total Logistics Public Company Limited,SET,Transportation & Logistics,0,0,21.441176470588236,71.47058823529412,False,Normal
EURO,2024-02,2026-08,31,Euro Creations Public Company Limited,mai,,0,0,7.483870967741935,24.946236559139784,False,Normal
EVER,1994-02,2026-08,391,EVERLAND PUBLIC COMPANY LIMITED,SET,Property Development,0,0,19.066496163682864,63.55498721227622,False,Normal
F&D,1994-08,2026-08,385,FOOD AND DRINKS PUBLIC COMPANY LIMITED,SET,Food & Beverage,0,0,19.01038961038961,63.36796536796536,False,Normal
FANCY,1994-08,2026-08,385,FANCY WOOD INDUSTRIES PUBLIC COMPANY LIMITED,SET,Home & Office Products,0,0,17.984415584415583,59.94805194805194,False,Normal
FE,1988-02,2026-08,463,FAR EAST FAME LINE PUBLIC COMPANY LIMITED,SET,Media & Publishing,0,0,15.192224622030238,50.6407487401008,False,Normal
FLOYD,2017-11,2026-08,106,FLOYD PUBLIC COMPANY LIMITED,mai,,0,0,21.141509433962263,70.47169811320754,False,Normal
FM,2024-07,2026-08,26,FOOD MOMENTS PUBLIC COMPANY LIMITED,SET,Food & Beverage,0,0,22.346153846153847,74.48717948717949,False,Normal
FMT,1997-02,2026-08,355,FINE METAL TECHNOLOGIES PUBLIC COMPANY LIMITED,SET,Industrial Materials & Machinery,0,0,20.814084507042253,69.38028169014085,False,Normal
FN,2016-11,2026-08,118,FN FACTORY OUTLET PUBLIC COMPANY LIMITED,SET,Commerce,0,0,22.889830508474578,76.2994350282486,False,Normal
FNS,2002-09,2026-08,288,FNS HOLDINGS PUBLIC COMPANY LIMITED,SET,Finance & Securities,0,0,21.50347222222222,71.67824074074073,False,Normal
FORTH,2006-09,2026-08,240,FORTH CORPORATION PUBLIC COMPANY LIMITED,SET,Information & Communication Technology,0,0,24.475,81.58333333333334,False,Normal
FPI,2012-09,2026-08,168,FORTUNE PARTS INDUSTRY PUBLIC COMPANY LIMITED,mai,Automotive,0,0,24.642857142857142,82.14285714285714,False,Normal
FPT,2002-06,2026-08,291,FRASERS PROPERTY (THAILAND) PUBLIC COMPANY LIMITED,SET,Property Development,0,0,23.690721649484537,78.96907216494846,False,Normal
FSMART,2014-10,2026-08,143,FORTH SMART SERVICE PUBLIC COMPANY LIMITED,mai,,0,0,23.81118881118881,79.37062937062936,False,Normal
FSX,2023-08,2026-08,37,FINANSIA X PUBLIC COMPANY LIMITED,SET,Finance & Securities,0,0,15.864864864864865,52.88288288288289,False,Normal
FTE,2017-07,2026-08,110,FIRETRADE ENGINEERING PUBLIC COMPANY LIMITED,SET,Industrial Materials & Machinery,0,0,22.6,75.33333333333334,False,Normal
FTI,2022-05,2026-08,52,Function International Public Company Limited,SET,Home & Office Products,0,0,22.653846153846153,75.51282051282051,False,Normal
FTREIT,2019-01,2026-08,92,FRASERS PROPERTY THAILAND INDUSTRIAL FREEHOLD & LEASEHOLD REIT,SET,Property Fund & REITs,0,0,22.52173913043478,75.07246376811594,False,Normal
FUTURERT,2024-10,2026-08,23,Future City Leasehold Real Estate Investment Trust,SET,Property Fund & REITs,0,0,13.304347826086957,44.34782608695652,False,Normal
FVC,2013-10,2026-08,155,FILTER VISION PUBLIC COMPANY LIMITED,mai,,0,0,23.587096774193547,78.6236559139785,False,Normal
GABLE,2023-05,2026-08,40,G-Able Public Company Limited,SET,Information & Communication Technology,0,0,25.1,83.66666666666667,False,Normal
GAHREIT,2017-11,2026-08,106,GRANDE HOSPITALITY REAL ESTATE INVESTMENT TRUST,SET,Property Fund & REITs,0,0,16.10377358490566,53.67924528301887,False,Normal
GBX,2005-12,2026-08,249,GLOBLEX HOLDING MANAGEMENT PUBLIC COMPANY LIMITED,SET,Finance & Securities,0,0,22.779116465863453,75.93038821954484,False,Normal
GC,2005-12,2026-08,249,GLOBAL CONNECTIONS PUBLIC COMPANY LIMITED,SET,Petrochemicals & Chemicals,0,0,23.779116465863453,79.26372155287818,False,Normal
GCAP,2013-12,2026-08,153,G CAPITAL PUBLIC COMPANY LIMITED,mai,Finance and Securities,0,0,25.065359477124183,83.5511982570806,False,Normal
GEL,1991-03,2026-08,426,GENERAL ENGINEERING PUBLIC COMPANY LIMITED,SET,Construction Materials,0,0,17.995305164319248,59.98435054773083,False,Normal
GENCO,2000-09,2026-08,312,"GENERAL ENVIRONMENTAL CONSERVATION PUBLIC CO., LTD.",SET,Professional Services,0,0,21.887820512820515,72.95940170940172,False,Normal
GFC,2023-09,2026-08,36,Genesis Fertility Center Public Company Limited,mai,,0,0,23.13888888888889,77.12962962962962,False,Normal
GFPT,1992-03,2026-08,414,GFPT PUBLIC COMPANY LIMITED,SET,Agribusiness,0,0,20.719806763285025,69.06602254428341,False,Normal
GGC,2017-05,2026-08,112,GLOBAL GREEN CHEMICALS PUBLIC COMPANY LIMITED,SET,Petrochemicals & Chemicals,0,0,23.964285714285715,79.88095238095238,False,Normal
GJS,1996-07,2026-08,362,G J STEEL PUBLIC COMPANY LIMITED,SET,Steel and Metal Products,0,0,20.273480662983424,67.57826887661142,False,Normal
GLAND,1996-02,2025-06,353,GRAND CANAL LAND PUBLIC COMPANY LIMITED,SET,Property Development,0,0,7.730878186968838,25.76959395656279,False,Normal
GLOBAL,2009-08,2026-08,205,SIAM GLOBAL HOUSE PUBLIC COMPANY LIMITED,SET,Commerce,0,0,25.985365853658536,86.61788617886178,False,Normal
GLORY,2021-10,2026-08,59,GLORY FOREVER PUBLIC COMPANY LIMITED,mai,,0,0,18.305084745762713,61.016949152542374,False,Normal
GPI,2017-12,2026-08,105,GRAND PRIX INTERNATIONAL PUBLIC COMPANY LIMITED,SET,Media & Publishing,0,0,23.123809523809523,77.07936507936508,False,Normal
GPSC,2015-05,2026-08,136,GLOBAL POWER SYNERGY PUBLIC COMPANY LIMITED,SET,Energy & Utilities,0,0,27.36764705882353,91.22549019607843,False,Normal
GRAMMY,1995-02,2026-08,379,GMM GRAMMY PUBLIC COMPANY LIMITED,SET,Media & Publishing,0,0,19.612137203166228,65.37379067722075,False,Normal
GRAND,2004-02,2026-08,271,GRANDE ASSET HOTELS AND PROPERTY PUBLIC COMPANY LIMITED,SET,Tourism & Leisure,1,1,7.929889298892989,26.432964329643294,True,Distress/RS
GREEN,2005-12,2026-08,249,GREEN RESOURCES PUBLIC COMPANY LIMITED,SET,Energy & Utilities,0,0,21.6425702811245,72.14190093708166,False,Normal
GROREIT,2021-07,2026-08,62,GRANDE ROYAL ORCHID HOSPITALITY REAL ESTATE INVESTMENT TRUST WITH BUY-BACK CONDITION,SET,Property Fund & REITs,0,0,16.725806451612904,55.75268817204301,False,Normal
GSTEEL,2019-07,2019-07,1,G STEEL PUBLIC COMPANY LIMITED,SET,Steel and Metal Products,0,0,8.0,26.666666666666668,False,Normal
GTB,2016-03,2026-08,126,GETABEC PUBLIC COMPANY LIMITED,mai,,0,0,23.634920634920636,78.78306878306879,False,Normal
GTV,2023-03,2026-08,42,GREEN TECH VENTURES PUBLIC COMPANY LIMITED,mai,,0,0,22.833333333333332,76.11111111111111,False,Normal
GULF,2017-12,2026-08,105,GULF DEVELOPMENT PUBLIC COMPANY LIMITED,SET,Energy & Utilities,0,0,10.352380952380953,34.507936507936506,False,Normal
GUNKUL,2010-10,2026-08,191,GUNKUL ENGINEERING PUBLIC COMPANY LIMITED,SET,Energy & Utilities,0,0,26.089005235602095,86.96335078534031,False,Normal
GVREIT,2016-04,2026-08,125,GOLDEN VENTURES LEASEHOLD REAL ESTATE INVESTMENT TRUST,SET,Property Fund & REITs,0,0,20.296,67.65333333333334,False,Normal
GYT,1990-01,2026-08,440,GOODYEAR (THAILAND) PUBLIC COMPANY LIMITED,SET,Automotive,0,0,15.388636363636364,51.29545454545455,False,Normal
HANA,1993-02,2026-08,403,HANA MICROELECTRONICS PUBLIC COMPANY LIMITED,SET,Electronic Components,0,0,18.965260545905707,63.21753515301902,False,Normal
HANN,2025-08,2026-08,13,MUKDAHAN INTERNATIONAL HOSPITAL PUBLIC COMPANY LIMITED,mai,,0,0,6.769230769230769,22.564102564102566,False,Normal
HARN,2014-11,2026-08,142,HARN ENGINEERING SOLUTIONS PUBLIC COMPANY LIMITED,mai,,0,0,21.43661971830986,71.45539906103286,False,Normal
HEALTH,2023-05,2026-05,37,Health Empire Corporation PCL,mai,,0,0,7.72972972972973,25.765765765765764,False,Normal
HENG,2021-10,2026-08,59,HENG LEASING AND CAPITAL PUBLIC COMPANY LIMITED,SET,Finance & Securities,0,0,22.220338983050848,74.0677966101695,False,Normal
HFT,2003-12,2026-08,273,HWA FONG RUBBER (THAILAND) PUBLIC COMPANY LIMITED,SET,Automotive,0,0,22.736263736263737,75.7875457875458,False,Normal
HL,2021-12,2026-08,57,HEALTHLEAD PUBLIC COMPANY LIMITED,mai,,0,0,23.42105263157895,78.07017543859651,False,Normal
HMPRO,2001-10,2026-08,299,HOME PRODUCT CENTER PUBLIC COMPANY LIMITED,SET,Commerce,0,0,27.367892976588628,91.22630992196208,False,Normal
HPF,2014-01,2026-08,152,HEMARAJ INDUSTRIAL PROPERTY AND LEASEHOLD FUND,SET,Property Fund & REITs,0,0,14.552631578947368,48.50877192982456,False,Normal
HPT,2015-06,2026-07,134,HOME POTTERY PUBLIC COMPANY LIMITED,mai,,0,0,23.097014925373134,76.99004975124379,False,Normal
HTC,1988-12,2026-08,453,HAAD THIP PUBLIC COMPANY LIMITED,SET,Food & Beverage,0,0,17.779249448123622,59.26416482707874,False,Normal
HTECH,2009-03,2026-08,210,HALCYON TECHNOLOGY PUBLIC COMPANY LIMITED,SET,Industrial Materials & Machinery,0,0,23.88095238095238,79.6031746031746,False,Normal
HUMAN,2017-12,2026-08,105,HUMANICA PUBLIC COMPANY LIMITED,SET,Information & Communication Technology,0,0,23.34285714285714,77.80952380952381,False,Normal
HYDRO,2011-12,2026-08,177,HYDROTEK PUBLIC COMPANY LIMITED,mai,,0,0,22.63276836158192,75.44256120527308,False,Normal
HYDROGEN,2022-12,2026-08,45,Hydrogen Freehold and Leasehold Real Estate Investment Trust,SET,Property Fund & REITs,0,0,17.08888888888889,56.96296296296296,False,Normal
I2,2023-08,2026-08,37,I2 Enterprise Public Company Limited,mai,,0,0,22.91891891891892,76.3963963963964,False,Normal
ICC,1984-01,2026-08,512,I.C.C. INTERNATIONAL PUBLIC COMPANY LIMITED,SET,Commerce,0,0,15.40234375,51.341145833333336,False,Normal
ICHI,2014-04,2026-08,149,ICHITAN GROUP PUBLIC COMPANY LIMITED,SET,Food & Beverage,0,0,24.818791946308725,82.72930648769575,False,Normal
ICN,2017-09,2026-08,108,INFORMATION AND COMMUNICATION NETWORKS PUBLIC COMPANY LIMITED,SET,Information & Communication Technology,0,0,24.01851851851852,80.06172839506172,False,Normal
IDG,2025-10,2026-08,11,INDIGY PUBLIC COMPANY LIMITED,mai,,0,0,6.545454545454546,21.81818181818182,False,Normal
IFEC,1988-05,2024-07,435,Inter Far East Energy Corporatio,SET,Energy & Utilities,0,0,7.2091954022988505,24.03065134099617,False,Normal
IFS,2010-08,2026-08,193,IFS CAPITAL (THAILAND) PUBLIC COMPANY LIMITED,SET,Finance & Securities,0,0,22.77720207253886,75.92400690846286,False,Normal
IHL,2005-12,2026-08,249,INTERHIDES PUBLIC COMPANY LIMITED,SET,Fashion,0,0,23.65863453815261,78.86211512717537,False,Normal
IIG,2020-08,2026-08,73,I&I GROUP PUBLIC COMPANY LIMITED,mai,,0,0,22.15068493150685,73.83561643835617,False,Normal
III,2017-09,2026-08,108,TRIPLE I LOGISTICS PUBLIC COMPANY LIMITED,SET,Transportation & Logistics,0,0,25.01851851851852,83.39506172839506,False,Normal
ILINK,2004-08,2026-08,265,INTERLINK COMMUNICATION PUBLIC COMPANY LIMITED,SET,Information & Communication Technology,0,0,22.260377358490565,74.20125786163521,False,Normal
ILM,2019-07,2026-08,86,INDEX LIVING MALL PUBLIC COMPANY LIMITED,SET,Commerce,0,0,25.41860465116279,84.72868217054264,False,Normal
IMH,2019-12,2026-08,81,INTERMEDICAL CARE AND LAB HOSPITAL PUBLIC COMPANY LIMITED,mai,,0,0,22.97530864197531,76.5843621399177,False,Normal
IMPACT,2014-10,2026-08,143,IMPACT GROWTH REAL ESTATE INVESTMENT TRUST,SET,Property Fund & REITs,0,0,21.636363636363637,72.12121212121212,False,Normal
IND,2020-12,2026-08,69,INDEX INTERNATIONAL GROUP PUBLIC COMPANY LIMITED,mai,,0,0,22.3768115942029,74.58937198067633,False,Normal
INET,2001-11,2026-08,298,INTERNET THAILAND PUBLIC COMPANY LIMITED,SET,Information & Communication Technology,0,0,21.798657718120804,72.662192393736,False,Normal
INETREIT,2021-08,2026-08,61,INET FREEHOLD AND LEASEHOLD REAL ESTATE INVESTMENT TRUST,SET,Property Fund & REITs,0,0,18.081967213114755,60.27322404371584,False,Normal
INGRS,2017-08,2026-07,108,INGRESS INDUSTRIAL (THAILAND) PUBLIC COMPANY LIMITED,SET,Automotive,0,0,7.842592592592593,26.141975308641975,False,Normal
INOX,2004-12,2026-08,261,POSCO-THAINOX PUBLIC COMPANY LIMITED,SET,Steel and Metal Products,0,0,21.164750957854405,70.54916985951468,False,Normal
INSET,2019-10,2026-08,83,INFRASET PUBLIC COMPANY LIMITED,SET,Information & Communication Technology,0,0,22.710843373493976,75.70281124497991,False,Normal
INSURE,1991-03,2026-08,426,INDARA INSURANCE PUBLIC COMPANY LIMITED,SET,Insurance,0,0,12.126760563380282,40.42253521126761,False,Normal
IP,2019-11,2026-08,82,INTER PHARMA PUBLIC COMPANY LIMITED,SET,Personal Products & Pharmaceuticals,0,0,23.658536585365855,78.86178861788619,False,Normal
IRC,1994-08,2026-08,385,INOUE RUBBER (THAILAND) PUBLIC COMPANY LIMITED,SET,Automotive,0,0,20.184415584415586,67.28138528138528,False,Normal
IRCP,2003-07,2026-08,278,"INTERNATIONAL RESEARCH CORPORATION PUBLIC CO., LTD.",mai,,0,0,23.56474820143885,78.54916067146284,False,Normal
IROYAL,2024-11,2026-08,22,Interroyal Engineering Public Company Limited,mai,,0,0,7.2727272727272725,24.24242424242424,False,Normal
IRPC,1995-03,2026-08,378,IRPC PUBLIC COMPANY LIMITED,SET,Energy & Utilities,0,0,22.391534391534393,74.6384479717813,False,Normal
ISSARA,2024-12,2026-08,21,ISSARA REAL ESTATE INVESTMENT TRUST,SET,Property Fund & REITs,0,0,12.666666666666666,42.22222222222222,False,Normal
IT,2003-06,2026-08,279,IT CITY PUBLIC COMPANY LIMITED,SET,Commerce,0,0,20.849462365591396,69.49820788530465,False,Normal
ITC,2022-12,2026-08,45,i-Tail Corporation Public Company Limited,SET,Food & Beverage,0,0,26.044444444444444,86.81481481481481,False,Normal
ITD,1994-08,2026-08,385,ITALIAN-THAI DEVELOPMENT PUBLIC COMPANY LIMITED,SET,Construction Services,1,1,20.78181818181818,69.27272727272728,True,Distress/RS
ITEL,2016-09,2026-08,120,INTERLINK TELECOM PUBLIC COMPANY LIMITED,SET,Information & Communication Technology,0,0,26.391666666666666,87.97222222222221,False,Normal
ITNS,2022-10,2026-08,47,INTERNATIONAL NETWORK SYSTEM PUBLIC COMPANY LIMITED,mai,,0,0,22.0,73.33333333333333,False,Normal
ITTHI,2023-03,2026-08,42,ITTHIRIT NICE CORPORATION PUBLIC COMPANY LIMITED,mai,,0,0,23.261904761904763,77.53968253968254,False,Normal
IVF,2024-12,2026-08,21,INSPIRE IVF Public Company Limited,mai,,0,0,7.238095238095238,24.126984126984127,False,Normal
IVL,2010-02,2026-08,199,INDORAMA VENTURES PUBLIC COMPANY LIMITED,SET,Petrochemicals & Chemicals,0,0,29.21105527638191,97.37018425460636,False,Normal
J,2015-11,2026-08,130,JAS ASSET PUBLIC COMPANY LIMITED,SET,Property Development,0,0,23.876923076923077,79.58974358974359,False,Normal
JAK,2021-01,2026-08,68,JAKPAISAN ESTATE PUBLIC COMPANY LIMITED,mai,,0,0,23.235294117647058,77.45098039215686,False,Normal
JAS,1994-07,2026-08,386,JASMINE INTERNATIONAL PUBLIC COMPANY LIMITED,SET,Information & Communication Technology,0,0,18.191709844559586,60.639032815198625,False,Normal
JCK,2018-05,2026-08,100,JCK INTERNATIONAL PUBLIC COMPANY LIMITED,SET,Property Development,1,1,23.45,78.16666666666666,True,Distress/RS
JCT,1990-09,2026-08,432,JACK CHIA INDUSTRIES (THAILAND) PUBLIC COMPANY LIMITED,SET,Personal Products & Pharmaceuticals,0,0,17.074074074074073,56.913580246913575,False,Normal
JDF,2022-04,2026-08,53,JD Food Public Company Limited,SET,Food & Beverage,0,0,22.18867924528302,73.9622641509434,False,Normal
JKN,2017-11,2025-12,98,JKN Global Group PCL,SET,Media & Publishing,0,0,7.826530612244898,26.08843537414966,False,Normal
JMART,2009-06,2026-08,207,JAYMART GROUP HOLDINGS PUBLIC COMPANY LIMITED,SET,Information & Communication Technology,0,0,25.92270531400966,86.40901771336554,False,Normal
JMT,2012-11,2026-08,166,JMT NETWORK SERVICES PUBLIC COMPANY LIMITED,SET,Finance & Securities,0,0,25.433734939759034,84.77911646586345,False,Normal
JPARK,2023-10,2026-08,35,JENKONGKLAI PUBLIC COMPANY LIMITED,mai,,0,0,21.942857142857143,73.14285714285714,False,Normal
JR,2020-11,2026-08,70,J.R.W. UTILITY PUBLIC COMPANY LIMITED,SET,Construction Services,0,0,22.814285714285713,76.04761904761904,False,Normal
JSP,2022-09,2026-08,48,JSP PHARMACEUTICAL MANUFACTURING (THAILAND) PUBLIC COMPANY LIMITED,mai,,0,0,7.666666666666667,25.55555555555556,False,Normal
JTS,2006-09,2026-08,240,JASMINE TECHNOLOGY SOLUTION PUBLIC COMPANY LIMITED,SET,Information & Communication Technology,1,1,23.308333333333334,77.69444444444444,True,Distress/RS
JUBILE,2009-11,2026-08,202,JUBILEE ENTERPRISE PUBLIC COMPANY LIMITED,mai,,0,0,23.594059405940595,78.64686468646866,False,Normal
K,2015-12,2026-08,129,KINGSMEN C.M.T.I. PUBLIC COMPANY LIMITED,mai,,0,0,23.294573643410853,77.6485788113695,False,Normal
KAMART,1995-01,2026-08,380,KARMARTS PUBLIC COMPANY LIMITED,SET,Commerce,0,0,19.692105263157895,65.64035087719299,False,Normal
KASET,2005-12,2026-08,249,THAI HA PUBLIC COMPANY LIMITED,mai,,0,0,23.2570281124498,77.52342704149933,False,Normal
KBANK,1984-01,2026-08,512,KASIKORNBANK PUBLIC COMPANY LIMITED,SET,Banking,0,0,15.625,52.083333333333336,False,Normal
KBS,2011-05,2026-08,184,KHONBURI SUGAR PUBLIC COMPANY LIMITED,SET,Food & Beverage,0,0,23.14673913043478,77.15579710144928,False,Normal
KBSPIF,2020-08,2026-08,73,KHONBURI SUGAR POWER PLANT INFRASTRUCTURE FUND,SET,Energy & Utilities,0,0,13.054794520547945,43.51598173515982,False,Normal
KC,1994-10,2026-08,383,K.C. PROPERTY PUBLIC COMPANY LIMITED,SET,Property Development,0,0,18.49869451697128,61.66231505657094,False,Normal
KCAR,2005-12,2026-08,249,KRUNGTHAI CAR RENT AND LEASE PUBLIC COMPANY LIMITED,SET,Finance & Securities,0,0,23.91164658634538,79.70548862115126,False,Normal
KCC,2022-05,2026-08,52,Knight Club Capital Holding Public Company Limited,mai,Finance and Securities,0,0,7.673076923076923,25.57692307692308,False,Normal
KCE,1988-08,2026-08,457,KCE ELECTRONICS PUBLIC COMPANY LIMITED,SET,Electronic Components,0,0,19.855579868708972,66.1852662290299,False,Normal
KCG,2023-08,2026-08,37,KCG CORPORATION PUBLIC COMPANY LIMITED,SET,Food & Beverage,0,0,22.83783783783784,76.12612612612612,False,Normal
KCM,2014-12,2026-08,141,K.C. METALSHEET PUBLIC COMPANY LIMITED,mai,,0,0,23.375886524822697,77.91962174940899,False,Normal
KDH,1989-10,2026-08,443,THONBURI MEDICAL CENTRE PUBLIC COMPANY LIMITED,SET,Health Care Services,0,0,17.03160270880361,56.77200902934537,False,Normal
KGEN,2022-12,2026-08,45,KING GEN PUBLIC COMPANY LIMITED,mai,,0,0,22.644444444444446,75.48148148148148,False,Normal
KGI,1989-12,2026-08,441,KGI SECURITIES (THAILAND) PUBLIC COMPANY LIMITED,SET,Finance & Securities,0,0,14.882086167800454,49.60695389266817,False,Normal
KIAT,2009-10,2026-08,203,KIATTANA TRANSPORT PUBLIC COMPANY LIMITED,SET,Transportation & Logistics,0,0,23.610837438423644,78.70279146141215,False,Normal
KISS,2021-02,2026-08,67,ROJUKISS INTERNATIONAL PUBLIC COMPANY LIMITED,SET,Personal Products & Pharmaceuticals,0,0,23.62686567164179,78.75621890547264,False,Normal
KJL,2022-11,2026-08,46,KIJCHAROEN ENGINEERING ELECTRIC PUBLIC COMPANY LIMITED,mai,,0,0,23.130434782608695,77.10144927536233,False,Normal
KK,2020-10,2026-08,71,K&K SUPERSTORE SOUTHERN PUBLIC COMPANY LIMITED,mai,,0,0,7.774647887323944,25.915492957746476,False,Normal
KKC,1991-03,2024-07,401,KULTHORN KIRBY PUBLIC COMPANY LIMITED,SET,Industrial Materials & Machinery,0,0,7.655860349127182,25.519534497090607,False,Normal
KKP,1988-08,2026-08,457,KIATNAKIN PHATRA BANK PUBLIC COMPANY LIMITED,SET,Banking,0,0,15.343544857768052,51.14514952589351,False,Normal
KLINIQ,2022-11,2026-08,46,The Klinique Medical Clinic Public Company Limited,SET,Health Care Services,0,0,23.26086956521739,77.53623188405797,False,Normal
KOOL,2015-09,2026-08,132,CL VENTURE PUBLIC COMPANY LIMITED,mai,Home & Office Products,0,0,23.075757575757574,76.9191919191919,False,Normal
KPNREIT,2024-12,2026-08,21,KPN FREEHOLD AND LEASEHOLD REAL ESTATE INVESTMENT TRUST,SET,Property Fund & REITs,0,0,11.619047619047619,38.730158730158735,False,Normal
KSL,2005-03,2026-08,258,KHON KAEN SUGAR INDUSTRY PUBLIC COMPANY LIMITED,SET,Food & Beverage,0,0,24.364341085271317,81.21447028423773,False,Normal
KTB,1989-08,2026-08,445,KRUNG THAI BANK PUBLIC COMPANY LIMITED,SET,Banking,0,0,17.348314606741575,57.82771535580525,False,Normal
KTBSTMR,2021-11,2026-08,58,KTBST MIXED FREEHOLD AND LEASEHOLD REAL ESTATE INVESTMENT TRUST,SET,Property Fund & REITs,0,0,18.551724137931036,61.83908045977012,False,Normal
KTC,2002-10,2026-08,287,KRUNGTHAI CARD PUBLIC COMPANY LIMITED,SET,Finance & Securities,0,0,23.846689895470384,79.48896631823462,False,Normal
KTIS,2014-04,2026-08,149,KASET THAI INTERNATIONAL SUGAR CORPORATION PUBLIC COMPANY LIMITED,SET,Food & Beverage,0,0,23.449664429530202,78.165548098434,False,Normal
KTMS,2022-12,2026-08,45,KT Medical Service Public Company Limited,mai,,0,0,22.866666666666667,76.22222222222223,False,Normal
KUMWEL,2019-08,2026-08,85,KUMWELL CORPORATION PUBLIC COMPANY LIMITED,mai,,0,0,23.49411764705882,78.31372549019608,False,Normal
KUN,2019-12,2026-08,81,VILLA KUNALAI PUBLIC COMPANY LIMITED,SET,Property Development,0,0,23.506172839506174,78.35390946502058,False,Normal
KWC,1990-02,2026-08,439,KRUNGDHEP SOPHON PUBLIC COMPANY LIMITED,SET,Transportation & Logistics,0,0,17.441913439635535,58.13971146545178,False,Normal
KWI,2021-12,2025-07,44,KWI PUBLIC COMPANY LIMITED,SET,Insurance,0,0,7.931818181818182,26.43939393939394,False,Normal
KWM,2018-10,2026-08,95,K. W. METAL WORK PUBLIC COMPANY LIMITED,mai,,0,0,23.51578947368421,78.3859649122807,False,Normal
KYE,1994-05,2026-08,388,KANG YONG ELECTRIC PUBLIC COMPANY LIMITED,SET,Home & Office Products,0,0,16.641752577319586,55.472508591065285,False,Normal
L&E,2005-12,2026-08,249,LIGHTING & EQUIPMENT PUBLIC COMPANY LIMITED,SET,Home & Office Products,0,0,23.93574297188755,79.78580990629183,False,Normal
LALIN,2002-11,2026-08,286,LALIN PROPERTY PUBLIC COMPANY LIMITED,SET,Property Development,0,0,23.052447552447553,76.84149184149184,False,Normal
LANNA,1994-07,2026-08,386,THE LANNA RESOURCES PUBLIC COMPANY LIMITED,SET,Energy & Utilities,0,0,19.29015544041451,64.30051813471503,False,Normal
LDC,2014-09,2026-08,144,LDC DENTAL PUBLIC COMPANY LIMITED,mai,,0,0,23.09027777777778,76.9675925925926,False,Normal
LEE,1990-01,2026-08,440,LEE FEED MILL PUBLIC COMPANY LIMITED,SET,Agribusiness,0,0,17.286363636363635,57.62121212121212,False,Normal
LEO,2020-11,2026-08,70,LEO GLOBAL LOGISTICS PUBLIC COMPANY LIMITED,mai,Transportation & Logistics,0,0,23.15714285714286,77.1904761904762,False,Normal
LH,1989-02,2026-08,451,LAND AND HOUSES PUBLIC COMPANY LIMITED,SET,Property Development,0,0,19.84257206208426,66.1419068736142,False,Normal
LHFG,2011-05,2026-08,184,LH FINANCIAL GROUP PUBLIC COMPANY LIMITED,SET,Banking,0,0,18.820652173913043,62.73550724637681,False,Normal
LHHOTEL,2015-12,2026-08,129,LH HOTEL LEASEHOLD REAL ESTATE INVESTMENT TRUST,SET,Property Fund & REITs,0,0,20.984496124031008,69.94832041343669,False,Normal
LHK,2008-01,2026-08,224,LOHAKIT METAL PUBLIC COMPANY LIMITED,SET,Steel and Metal Products,0,0,23.808035714285715,79.36011904761905,False,Normal
LHRREIT,2024-12,2026-08,21,Land and Houses Residential FREEHOLD AND LEASEHOLD REAL ESTATE INVESTMENT TRUST,SET,Property Fund & REITs,0,0,13.142857142857142,43.80952380952381,False,Normal
LHSC,2014-12,2026-08,141,LH SHOPPING CENTERS LEASEHOLD REAL ESTATE INVESTMENT TRUST,SET,Property Fund & REITs,0,0,20.078014184397162,66.92671394799054,False,Normal
LIT,2014-03,2026-08,150,LEASE IT PUBLIC COMPANY LIMITED,mai,Finance and Securities,0,0,24.553333333333335,81.84444444444445,False,Normal
LOXLEY,1994-01,2026-08,392,LOXLEY PUBLIC COMPANY LIMITED,SET,Commerce,0,0,20.206632653061224,67.35544217687075,False,Normal
LPH,2015-10,2026-08,131,LADPRAO GENERAL HOSPITAL PUBLIC COMPANY LIMITED,SET,Health Care Services,0,0,23.717557251908396,79.05852417302799,False,Normal
LPN,1994-12,2026-08,381,L.P.N. DEVELOPMENT PUBLIC COMPANY LIMITED,SET,Property Development,0,0,20.30971128608924,67.69903762029746,False,Normal
LRH,1993-11,2025-06,380,LAGUNA RESORTS & HOTELS PUBLIC COMPANY LIMITED,SET,Tourism & Leisure,0,0,7.794736842105263,25.98245614035088,False,Normal
LST,1996-06,2026-08,363,LAM SOON (THAILAND) PUBLIC COMPANY LIMITED,SET,Food & Beverage,0,0,20.801652892561982,69.3388429752066,False,Normal
LTMH,2025-04,2026-08,17,LTMH Public Company Limited,mai,,0,0,7.0588235294117645,23.52941176470588,False,Normal
LTS,2024-05,2026-08,28,Light Up Total Solution Public Company Limited,mai,,0,0,7.428571428571429,24.761904761904763,False,Normal
LUXF,2008-06,2026-08,219,LUXURY REAL ESTATE INVESTMENT FUND,SET,Property Fund & REITs,0,0,15.155251141552512,50.51750380517503,False,Normal
M,2013-08,2026-08,157,MK RESTAURANT GROUP PUBLIC COMPANY LIMITED,SET,Food & Beverage,0,0,22.713375796178344,75.7112526539278,False,Normal
M-CHAI,1996-07,2026-08,362,MAHACHAI HOSPITAL PUBLIC COMPANY LIMITED,SET,Health Care Services,0,0,20.95303867403315,69.84346224677716,False,Normal
M-PAT,2014-06,2026-08,147,MFC PATONG HERITAGE PROPERTY FUND,SET,Property Fund & REITs,0,0,13.387755102040817,44.62585034013606,False,Normal
M-STOR,2009-08,2026-08,205,MFC-STRATEGIC STORAGE FUND,SET,Property Fund & REITs,0,0,12.44390243902439,41.479674796747965,False,Normal
MADAME,2025-08,2026-08,13,MADAME BIOSCIENCE PUBLIC COMPANY LIMITED,SET,Food & Beverage,0,0,22.46153846153846,74.87179487179486,False,Normal
MAGURO,2024-06,2026-08,27,Maguro Group Public Company Limited,mai,,0,0,7.407407407407407,24.69135802469136,False,Normal
MAJOR,2002-05,2026-08,292,MAJOR CINEPLEX GROUP PUBLIC COMPANY LIMITED,SET,Media & Publishing,0,0,24.633561643835616,82.11187214611873,False,Normal
MALEE,1992-03,2026-08,414,MALEE GROUP PUBLIC COMPANY LIMITED,SET,Food & Beverage,0,0,18.794685990338163,62.64895330112721,False,Normal
MANRIN,1991-09,2026-08,420,THE MANDARIN HOTEL PUBLIC COMPANY LIMITED,SET,Tourism & Leisure,0,0,17.25,57.49999999999999,False,Normal
MASTEC,2025-10,2026-08,11,Masstec Link Public Company Limited,SET,Industrial Materials & Machinery,0,0,11.181818181818182,37.27272727272727,False,Normal
MASTER,2023-01,2026-08,44,Master Style Public Company Limited,SET,Health Care Services,0,0,23.318181818181817,77.72727272727272,False,Normal
MATCH,2003-03,2026-08,282,MATCHING MAXIMIZE SOLUTION PUBLIC COMPANY LIMITED,SET,Media & Publishing,0,0,23.134751773049647,77.11583924349881,False,Normal
MATI,1989-12,2026-08,441,MATICHON PUBLIC COMPANY LIMITED,SET,Media & Publishing,0,0,17.36281179138322,57.87603930461073,False,Normal
MBAX,2007-01,2026-08,236,MULTIBAX PUBLIC COMPANY LIMITED,mai,,0,0,23.385593220338983,77.95197740112995,False,Normal
MBK,1996-04,2026-08,365,MBK PUBLIC COMPANY LIMITED,SET,Property Development,0,0,20.394520547945206,67.98173515981735,False,Normal
MC,2013-07,2026-08,158,MC GROUP PUBLIC COMPANY LIMITED,SET,Commerce,0,0,24.436708860759495,81.45569620253164,False,Normal
MCA,2023-10,2026-08,35,Market Connections Asia Public Company Limited,mai,,0,0,7.542857142857143,25.142857142857146,False,Normal
MCOT,2004-11,2026-08,262,MCOT PUBLIC COMPANY LIMITED,SET,Media & Publishing,0,0,22.435114503816795,74.78371501272265,False,Normal
MCS,2005-07,2026-08,254,M.C.S.STEEL PUBLIC COMPANY LIMITED,SET,Steel and Metal Products,0,0,22.224409448818896,74.08136482939632,False,Normal
MDX,1992-03,2026-08,414,M.D.X. PUBLIC COMPANY LIMITED,SET,Energy & Utilities,0,0,17.884057971014492,59.6135265700483,False,Normal
MEB,2023-02,2026-08,43,MEB Corporation Public Company Limited,mai,,0,0,23.41860465116279,78.06201550387597,False,Normal
MEDEZE,2024-10,2026-08,23,Medeze Group Public Company Limited,SET,Health Care Services,0,0,21.043478260869566,70.14492753623188,False,Normal
MEGA,2013-11,2026-08,154,MEGA LIFESCIENCES PUBLIC COMPANY LIMITED,SET,Commerce,0,0,26.623376623376622,88.74458874458874,False,Normal
MENA,2021-07,2026-08,62,MENA TRANSPORT PUBLIC COMPANY LIMITED,SET,Transportation & Logistics,0,0,23.741935483870968,79.13978494623656,False,Normal
META,2018-05,2026-07,99,META CORPORATION PUBLIC COMPANY LIMITED,mai,Construction Services,0,0,21.80808080808081,72.6936026936027,False,Normal
METCO,1992-08,2026-08,409,MURAMOTO ELECTRON (THAILAND) PUBLIC COMPANY LIMITED,SET,Electronic Components,0,0,18.931540342298288,63.10513447432763,False,Normal
MFC,1991-06,2026-08,423,MFC ASSET MANAGEMENT PUBLIC COMPANY LIMITED,SET,Finance & Securities,0,0,12.520094562647754,41.73364854215918,False,Normal
MFEC,2003-10,2026-08,275,MFEC PUBLIC COMPANY LIMITED,SET,Information & Communication Technology,0,0,24.265454545454546,80.88484848484848,False,Normal
MGC,2023-04,2026-08,41,Millennium Group Corporation (Asia) Public Company Limited,SET,Automotive,0,0,23.048780487804876,76.82926829268291,False,Normal
MGI,2023-12,2026-08,33,Miss Grand International Public Company Limited,mai,,0,0,7.515151515151516,25.050505050505052,False,Normal
MGT,2017-02,2026-08,115,MEGACHEM (THAILAND) PUBLIC COMPANY LIMITED,mai,,0,0,23.704347826086956,79.01449275362319,False,Normal
MICRO,2020-10,2026-08,71,MICRO LEASING PUBLIC COMPANY LIMITED,SET,Finance & Securities,0,0,23.422535211267604,78.07511737089202,False,Normal
MIDA,2003-07,2026-08,278,MIDA ASSETS PUBLIC COMPANY LIMITED,SET,Commerce,0,0,22.83812949640288,76.12709832134293,False,Normal
MII,2024-12,2026-08,21,MFC Industrial Investment Freehold and Leasehold Real Estate Investment Trust,SET,Property Fund & REITs,0,0,13.80952380952381,46.03174603174603,False,Normal
MILL,2007-11,2026-07,225,MILLCON STEEL PUBLIC COMPANY LIMITED,SET,Steel and Metal Products,0,0,7.92,26.400000000000002,False,Normal
MINT,1990-01,2026-08,440,MINOR INTERNATIONAL PUBLIC COMPANY LIMITED,SET,Tourism & Leisure,0,0,19.075,63.583333333333336,False,Normal
MIPF,2006-01,2026-08,248,MILLIONAIRE PROPERTY FUND,SET,Property Fund & REITs,0,0,14.310483870967742,47.7016129032258,False,Normal
MITSIB,2019-06,2026-08,87,MITSIB LEASING PUBLIC COMPANY LIMITED,mai,,0,0,23.436781609195403,78.12260536398468,False,Normal
MJD,2007-11,2026-08,226,MAJOR DEVELOPMENT PUBLIC COMPANY LIMITED,SET,Property Development,1,1,23.5929203539823,78.64306784660768,True,Distress/RS
MJLF,2007-07,2026-08,230,MAJOR CINEPLEX LIFESTYLE LEASEHOLD PROPERTY FUND,SET,Property Fund & REITs,0,0,17.27391304347826,57.57971014492753,False,Normal
MK,1990-03,2026-08,438,M.K. REAL ESTATE DEVELOPMENT PUBLIC COMPANY LIMITED,SET,Property Development,0,0,18.10958904109589,60.36529680365297,False,Normal
ML,2005-12,2026-08,249,"MIDA LEASING PUBLIC CO., LTD.",SET,Finance & Securities,0,0,23.204819277108435,77.34939759036145,False,Normal
MMM,2025-11,2026-08,10,MMM Capital Public Company Limited,mai,,0,0,6.4,21.333333333333336,False,Normal
MNIT,2005-12,2026-08,249,MFC-NICHADA THANI PROPERTY FUND,SET,Property Fund & REITs,0,0,11.85140562248996,39.50468540829986,False,Normal
MNIT2,2009-04,2026-08,209,NICHADA THANI PROPERTY FUND 2,SET,Property Fund & REITs,0,0,12.363636363636363,41.21212121212121,False,Normal
MNRF,2008-06,2026-08,219,MULTI-NATIONAL RESIDENCE FUND,SET,Property Fund & REITs,0,0,12.26027397260274,40.8675799086758,False,Normal
MODERN,1992-03,2026-08,414,MODERNFORM GROUP PUBLIC COMPANY LIMITED,SET,Home & Office Products,0,0,18.879227053140095,62.93075684380032,False,Normal
MONO,2013-06,2026-08,159,MONO NEXT PUBLIC COMPANY LIMITED,SET,Media & Publishing,0,0,23.232704402515722,77.44234800838574,False,Normal
MOONG,2009-10,2026-08,203,MOONG PATTANA INTERNATIONAL PUBLIC COMPANY LIMITED,mai,Commerce,0,0,24.24137931034483,80.80459770114943,False,Normal
MORE,2012-12,2026-08,165,MORE RETURN PUBLIC COMPANY LIMITED,mai,,0,0,22.78181818181818,75.93939393939394,False,Normal
MOSHI,2022-12,2026-08,45,Moshi Moshi Retail Corporation Public Company Limited,SET,Commerce,0,0,28.244444444444444,94.14814814814815,False,Normal
MOTHER,2025-02,2026-08,19,Mother Marketing Public Company Limited,mai,,0,0,7.157894736842105,23.859649122807017,False,Normal
MPJ,2024-11,2026-08,22,MPJ Logistics Public Company Limited,mai,,0,0,7.2727272727272725,24.24242424242424,False,Normal
MRDIYT,2025-11,2026-08,10,MR. D.I.Y. HOLDING (THAILAND) PUBLIC COMPANY LIMITED,SET,Commerce,0,0,19.7,65.66666666666666,False,Normal
MSC,1996-05,2026-08,364,METRO SYSTEMS CORPORATION PUBLIC COMPANY LIMITED,SET,Information & Communication Technology,0,0,21.582417582417584,71.94139194139194,False,Normal
MST,2003-12,2026-08,273,MAYBANK SECURITIES (THAILAND) PUBLIC COMPANY LIMITED,SET,Finance & Securities,0,0,17.45054945054945,58.16849816849816,False,Normal
MTC,2014-11,2026-08,142,MUANGTHAI CAPITAL PUBLIC COMPANY LIMITED,SET,Finance & Securities,0,0,26.859154929577464,89.53051643192488,False,Normal
MTI,2008-06,2026-08,219,MUANG THAI INSURANCE PUBLIC COMPANY LIMITED,SET,Insurance,0,0,15.118721461187215,50.395738203957386,False,Normal
MTW,2022-12,2026-08,45,MAKE TO WIN HOLDING PUBLIC COMPANY LIMITED,mai,,0,0,22.68888888888889,75.62962962962963,False,Normal
MUD,2017-04,2026-08,113,MUD & HOUND PUBLIC COMPANY LIMITED,mai,Food and Beverage,0,0,22.92920353982301,76.43067846607671,False,Normal
MVP,2018-08,2026-07,96,M VISION PUBLIC COMPANY LIMITED,mai,,0,0,22.229166666666668,74.09722222222223,False,Normal
NAM,2023-10,2026-08,35,NAMWIWAT MEDICAL CORPORATION PUBLIC COMPANY LIMITED,SET,Personal Products & Pharmaceuticals,0,0,22.37142857142857,74.57142857142857,False,Normal
NAT,2024-02,2026-08,31,NAT ABSOLUTE TECHNOLOGIES PUBLIC COMPANY LIMITED,mai,,0,0,7.483870967741935,24.946236559139784,False,Normal
NATION,2022-05,2026-08,52,NATION GROUP (THAILAND) PUBLIC COMPANY LIMITED,SET,Media & Publishing,0,0,21.942307692307693,73.14102564102565,False,Normal
NC,1984-02,2026-08,511,NEWCITY (BANGKOK) PUBLIC COMPANY LIMITED,SET,Fashion,0,0,16.628180039138943,55.42726679712982,False,Normal
NCAP,2020-11,2026-08,70,NEXT CAPITAL PUBLIC COMPANY LIMITED,SET,Finance & Securities,0,0,22.514285714285716,75.04761904761905,False,Normal
NCH,2004-03,2026-08,270,N. C. HOUSING PUBLIC COMPANY LIMITED,SET,Property Development,0,0,23.303703703703704,77.67901234567901,False,Normal
NCL,2014-11,2026-08,142,NCL INTERNATIONAL LOGISTICS PUBLIC COMPANY LIMITED,mai,,0,0,22.859154929577464,76.19718309859155,False,Normal
NCP,2024-07,2026-08,26,Nice Call Public Company Limited,mai,,0,0,7.346153846153846,24.487179487179485,False,Normal
NDR,2015-01,2026-08,140,N.D. RUBBER PUBLIC COMPANY LIMITED,mai,,0,0,24.678571428571427,82.26190476190476,False,Normal
NEO,2024-04,2026-08,29,Neo Corporate Public Company Limited,SET,Personal Products & Pharmaceuticals,0,0,23.03448275862069,76.7816091954023,False,Normal
NEP,1988-05,2026-08,460,NEP REALTY AND INDUSTRY PUBLIC COMPANY LIMITED,SET,Fashion,0,0,17.356521739130436,57.85507246376812,False,Normal
NER,2018-11,2026-08,94,NORTH EAST RUBBER PUBLIC COMPANY LIMITED,SET,Agribusiness,0,0,25.23404255319149,84.11347517730496,False,Normal
NETBAY,2016-06,2026-08,123,NETBAY PUBLIC COMPANY LIMITED,mai,,0,0,20.479674796747968,68.26558265582656,False,Normal
NEW,1996-08,2026-07,360,WATTANA KARNPAET PUBLIC COMPANY LIMITED,SET,Health Care Services,0,0,19.447222222222223,64.82407407407408,False,Normal
NEX,2019-05,2026-08,88,NEX POINT PUBLIC COMPANY LIMITED,SET,Automotive,0,0,23.068181818181817,76.89393939393939,False,Normal
NFC,1996-08,2025-06,347,NFC PUBLIC COMPANY LIMITED,SET,Petrochemicals & Chemicals,0,0,7.351585014409222,24.505283381364073,False,Normal
NKI,1990-08,2026-08,433,THE NAVAKIJ INSURANCE PUBLIC COMPANY LIMITED,SET,Insurance,0,0,13.775981524249422,45.91993841416474,False,Normal
NKT,2024-12,2026-08,21,Nakornthon Hospital Public Company Limited,SET,Health Care Services,0,0,21.952380952380953,73.17460317460316,False,Normal
NL,2024-02,2026-08,31,NL Development Public Company Limited,SET,Construction Services,0,0,22.193548387096776,73.97849462365592,False,Normal
NNCL,2005-12,2026-08,249,NAVANAKORN PUBLIC COMPANY LIMITED,SET,Property Development,0,0,23.29718875502008,77.65729585006693,False,Normal
NOBLE,1997-06,2026-08,351,NOBLE DEVELOPMENT PUBLIC COMPANY LIMITED,SET,Property Development,0,0,21.692307692307693,72.3076923076923,False,Normal
NOVA,1993-01,2026-08,404,NOVA EMPIRE PUBLIC COMPANY LIMITED,SET,Energy & Utilities,0,0,16.698019801980198,55.66006600660066,False,Normal
NPK,1990-01,2026-08,440,NEW PLUS KNITTING PUBLIC COMPANY LIMITED,mai,,0,0,17.76590909090909,59.21969696969697,False,Normal
NRF,2020-10,2026-08,71,NR INSTANT PRODUCE PUBLIC COMPANY LIMITED,SET,Food & Beverage,1,1,7.76056338028169,25.868544600938964,True,Distress/RS
NSL,2021-05,2026-08,64,NSL FOODS PUBLIC COMPANY LIMITED,SET,Food & Beverage,0,0,23.40625,78.02083333333333,False,Normal
NTF,2025-12,2026-08,9,NTF INTERGROUP (THAILAND) PUBLIC COMPANY LIMITED,mai,,0,0,6.222222222222222,20.74074074074074,False,Normal
NTSC,2023-02,2026-08,43,Nutrition SC Public Company Limited,mai,,0,0,23.209302325581394,77.36434108527132,False,Normal
NTV,1994-08,2026-08,385,NONTHAVEJ HOSPITAL PUBLIC COMPANY LIMITED,SET,Health Care Services,0,0,16.57922077922078,55.26406926406927,False,Normal
NUT,2025-06,2026-08,15,NUTRITION PROFESS PUBLIC COMPANY LIMITED,mai,,0,0,6.933333333333334,23.111111111111114,False,Normal
NV,2021-12,2026-08,57,NOVA ORGANIC PUBLIC COMPANY LIMITED,SET,Personal Products & Pharmaceuticals,0,0,22.596491228070175,75.32163742690058,False,Normal
NVD,2017-05,2026-08,112,NIRVANA DEVELOPMENT PUBLIC COMPANY LIMITED,SET,Property Development,0,0,27.098214285714285,90.32738095238095,False,Normal
NWR,1995-09,2025-05,357,NAWARAT PATANAKARN PUBLIC COMPANY LIMITED,SET,Construction Services,1,1,7.840336134453781,26.134453781512608,True,Distress/RS
NYT,2013-11,2026-08,154,NAMYONG TERMINAL PUBLIC COMPANY LIMITED,SET,Transportation & Logistics,0,0,24.967532467532468,83.22510822510823,False,Normal
OCC,1987-08,2026-08,469,O.C.C. PUBLIC COMPANY LIMITED,SET,Personal Products & Pharmaceuticals,0,0,15.40085287846482,51.33617626154939,False,Normal
OGC,1993-08,2026-08,397,OCEAN GLASS PUBLIC COMPANY LIMITED,SET,Home & Office Products,0,0,18.816120906801007,62.72040302267003,False,Normal
OHTL,1988-06,2026-08,459,OHTL PUBLIC COMPANY LIMITED,SET,Tourism & Leisure,0,0,17.429193899782135,58.09731299927379,False,Normal
OKJ,2024-10,2026-08,23,Pluk Phak Praw Rak Mae Public Company Limited,SET,Food & Beverage,0,0,22.217391304347824,74.05797101449275,False,Normal
ONEE,2021-11,2026-08,58,THE ONE ENTERPRISE PUBLIC COMPANY LIMITED,SET,Media & Publishing,0,0,23.413793103448278,78.04597701149426,False,Normal
ONSENS,2025-10,2026-08,11,Onsen Retreat and Spa Group Public Company Limited,SET,Tourism & Leisure,0,0,21.454545454545453,71.51515151515152,False,Normal
OR,2021-02,2026-08,67,PTT OIL AND RETAIL BUSINESS PUBLIC COMPANY LIMITED,SET,Energy & Utilities,0,0,28.059701492537314,93.53233830845772,False,Normal
ORI,2015-10,2026-08,131,ORIGIN PROPERTY PUBLIC COMPANY LIMITED,SET,Property Development,0,0,27.16793893129771,90.55979643765902,False,Normal
ORN,2023-10,2026-08,35,ORNSIRIN HOLDING PUBLIC COMPANY LIMITED,SET,Property Development,0,0,22.514285714285716,75.04761904761905,False,Normal
OSP,2018-10,2026-08,95,OSOTSPA PUBLIC COMPANY LIMITED,SET,Food & Beverage,0,0,28.221052631578946,94.07017543859648,False,Normal
PACE,2013-08,2024-07,132,Pace Development Corporation PCL,SET,Property Development,0,0,7.621212121212121,25.4040404040404,False,Normal
PACO,2021-03,2026-08,66,PRESIDENT AUTOMOBILE INDUSTRIES PUBLIC COMPANY LIMITED,mai,,0,0,23.53030303030303,78.43434343434343,False,Normal
PAF,1990-01,2026-08,440,PAN ASIA FOOTWEAR PUBLIC COMPANY LIMITED,SET,Fashion,0,0,17.83409090909091,59.446969696969695,False,Normal
PANEL,2024-02,2026-08,31,PanelesMatic Solutions Public Company Limited,mai,,0,0,7.483870967741935,24.946236559139784,False,Normal
PAP,2005-12,2026-08,249,PACIFIC PIPE PUBLIC COMPANY LIMITED,SET,Steel and Metal Products,0,0,24.285140562248998,80.95046854082999,False,Normal
PATO,1995-09,2026-08,372,PATO CHEMICAL INDUSTRY PUBLIC COMPANY LIMITED,SET,Petrochemicals & Chemicals,0,0,19.580645161290324,65.26881720430107,False,Normal
PB,2002-12,2026-08,285,PRESIDENT BAKERY PUBLIC COMPANY LIMITED,SET,Food & Beverage,0,0,23.87017543859649,79.56725146198829,False,Normal
PCC,2022-10,2026-08,47,Precise Corporation Public Company Limited,SET,Industrial Materials & Machinery,0,0,24.872340425531913,82.9078014184397,False,Normal
PCE,2024-09,2026-08,24,PETCHSRIVICHAI ENTERPRISE PUBLIC COMPANY LIMITED,SET,Agribusiness,0,0,21.958333333333332,73.19444444444444,False,Normal
PCSGH,2014-03,2026-08,150,P.C.S. MACHINE GROUP HOLDING PUBLIC COMPANY LIMITED,SET,Automotive,0,0,24.966666666666665,83.22222222222221,False,Normal
PDG,2014-07,2026-08,146,PRODIGY PUBLIC COMPANY LIMITED,mai,,0,0,19.726027397260275,65.75342465753425,False,Normal
PDJ,2018-01,2026-08,104,PRANDA JEWELRY PUBLIC COMPANY LIMITED,SET,Fashion,0,0,23.971153846153847,79.90384615384616,False,Normal
PEACE,2022-02,2026-08,55,PEACE & LIVING PUBLIC COMPANY LIMITED,SET,Property Development,0,0,23.490909090909092,78.30303030303031,False,Normal
PEER,2024-03,2026-08,30,PEER FOR YOU PUBLIC COMPANY LIMITED,mai,,0,0,26.9,89.66666666666666,False,Normal
PERM,2005-12,2026-08,249,PERMSIN STEEL WORKS PUBLIC COMPANY LIMITED,SET,Steel and Metal Products,0,0,23.301204819277107,77.67068273092369,False,Normal
PF,1993-06,2026-08,399,PROPERTY PERFECT PUBLIC COMPANY LIMITED,SET,Property Development,1,1,7.679197994987469,25.59732664995823,True,Distress/RS
PG,1990-01,2026-08,440,PEOPLE'S GARMENT PUBLIC COMPANY LIMITED,SET,Fashion,0,0,16.277272727272727,54.25757575757576,False,Normal
PHG,2023-07,2026-08,38,Patrangsit Healthcare Group Public Company Limited,SET,Health Care Services,0,0,22.789473684210527,75.96491228070175,False,Normal
PHOL,2010-12,2026-08,189,PHOL DHANYA PUBLIC COMPANY LIMITED,mai,Professional Services,0,0,24.867724867724867,82.89241622574956,False,Normal
PICO,2005-12,2026-03,244,PICO (THAILAND) PUBLIC COMPANY LIMITED,mai,,0,0,22.94672131147541,76.48907103825137,False,Normal
PIMO,2015-08,2026-08,133,PIONEER MOTOR PUBLIC COMPANY LIMITED,mai,,0,0,23.67669172932331,78.92230576441102,False,Normal
PIN,2021-11,2026-08,58,PINTHONG INDUSTRIAL PARK PUBLIC COMPANY LIMITED,SET,Property Development,0,0,23.155172413793103,77.183908045977,False,Normal
PIS,2025-01,2026-08,20,Pro Inside Public Company Limited,mai,,0,0,7.2,24.000000000000004,False,Normal
PJW,2012-02,2026-08,175,PANJAWATTANA PLASTIC PUBLIC COMPANY LIMITED,SET,Packaging,0,0,23.805714285714284,79.35238095238095,False,Normal
PK,1992-03,2026-08,414,PATKOL PUBLIC COMPANY LIMITED,SET,Industrial Materials & Machinery,0,0,17.154589371980677,57.18196457326893,False,Normal
PL,1996-08,2026-08,361,PHATRA LEASING PUBLIC COMPANY LIMITED,SET,Finance & Securities,0,0,19.44875346260388,64.8291782086796,False,Normal
PLANB,2015-02,2026-08,139,PLAN B MEDIA PUBLIC COMPANY LIMITED,SET,Media & Publishing,0,0,26.60431654676259,88.6810551558753,False,Normal
PLANET,2017-09,2026-08,108,PLANET COMMUNICATIONS ASIA PUBLIC COMPANY LIMITED,mai,Information & Communication Technology,0,0,23.324074074074073,77.74691358024691,False,Normal
PLAT,2015-03,2026-08,138,THE PLATINUM GROUP PUBLIC COMPANY LIMITED,SET,Property Development,0,0,23.485507246376812,78.28502415458938,False,Normal
PLE,2002-12,2026-08,285,POWER LINE ENGINEERING PUBLIC COMPANY LIMITED,SET,Construction Services,0,0,23.010526315789473,76.70175438596492,False,Normal
PLT,2023-04,2026-08,41,Pilatus Marine Public Company Limited,mai,,0,0,22.26829268292683,74.22764227642277,False,Normal
PLUS,2022-05,2026-08,52,Royal Plus Public Company Limited,SET,Food & Beverage,0,0,24.596153846153847,81.98717948717949,False,Normal
PM,2008-05,2026-08,220,PREMIER MARKETING PUBLIC COMPANY LIMITED,SET,Food & Beverage,0,0,25.345454545454544,84.48484848484848,False,Normal
PMC,2024-09,2026-08,24,PMC Label Materials Public Company Limited,mai,,0,0,7.333333333333333,24.444444444444443,False,Normal
PMTA,2015-05,2026-08,136,PM THORESEN ASIA HOLDINGS PUBLIC COMPANY LIMITED,SET,Petrochemicals & Chemicals,0,0,23.595588235294116,78.65196078431373,False,Normal
POLY,2022-11,2026-08,46,Polynet Public Company Limited,SET,Automotive,0,0,22.956521739130434,76.52173913043477,False,Normal
POPF,2011-04,2026-08,185,PRIME OFFICE LEASEHOLD PROPERTY FUND,SET,Property Fund & REITs,0,0,19.275675675675675,64.25225225225225,False,Normal
PORT,2017-11,2026-08,106,SAHATHAI TERMINAL PUBLIC COMPANY LIMITED,SET,Transportation & Logistics,0,0,23.59433962264151,78.64779874213836,False,Normal
POWER,2014-12,2026-08,141,POWER SOLUTION TECHNOLOGIES PUBLIC COMPANY LIMITED,mai,,1,1,23.659574468085108,78.86524822695036,True,Distress/RS
PPM,2005-12,2026-08,249,PORN PROM METAL PUBLIC COMPANY LIMITED,mai,,0,0,23.23694779116466,77.45649263721553,False,Normal
PPP,2013-02,2026-08,163,PREMIER PRODUCTS PUBLIC COMPANY LIMITED,SET,Construction Materials,0,0,25.355828220858896,84.51942740286299,False,Normal
PPPM,2018-09,2026-08,96,PP PRIME PUBLIC COMPANY LIMITED,SET,Agribusiness,0,0,22.833333333333332,76.11111111111111,False,Normal
PPS,2012-09,2026-08,168,PROJECT PLANNING SERVICE PUBLIC COMPANY LIMITED,mai,Construction Services,0,0,24.428571428571427,81.42857142857143,False,Normal
PQS,2023-02,2026-08,43,Premier Quality Starch Public Company Limited,SET,Food & Beverage,0,0,22.976744186046513,76.58914728682171,False,Normal
PR9,2018-10,2026-08,95,PRARAM 9 HOSPITAL PUBLIC COMPANY LIMITED,SET,Health Care Services,0,0,24.86315789473684,82.87719298245614,False,Normal
PRAKIT,1991-07,2026-08,422,PRAKIT HOLDINGS PUBLIC COMPANY LIMITED,SET,Media & Publishing,0,0,15.023696682464456,50.07898894154819,False,Normal
PRAPAT,2020-10,2026-08,71,PEERAPAT TECHNOLOGY PUBLIC COMPANY LIMITED,mai,,0,0,23.43661971830986,78.12206572769954,False,Normal
PREB,2005-12,2026-08,249,PRE-BUILT PUBLIC COMPANY LIMITED,SET,Construction Services,0,0,23.622489959839356,78.74163319946452,False,Normal
PRECHA,1996-04,2026-08,365,PREECHA GROUP PUBLIC COMPANY LIMITED,SET,Property Development,0,0,19.378082191780823,64.59360730593608,False,Normal
PRG,1993-09,2026-08,396,PRG CORPORATION PUBLIC COMPANY LIMITED,SET,Food & Beverage,0,0,19.098484848484848,63.661616161616166,False,Normal
PRI,2022-11,2026-08,46,Primo Service Solutions Public Company Limited,mai,,0,0,23.043478260869566,76.81159420289856,False,Normal
PRIME,2019-08,2026-08,85,PRIME ROAD POWER PUBLIC COMPANY LIMITED,SET,Energy & Utilities,1,1,23.55294117647059,78.50980392156863,True,Distress/RS
PRIN,2005-12,2026-08,249,PRINSIRI PUBLIC COMPANY LIMITED,SET,Property Development,0,0,23.91164658634538,79.70548862115126,False,Normal
PRINC,2005-10,2026-08,251,PRINCIPAL CAPITAL PUBLIC COMPANY LIMITED,SET,Health Care Services,0,0,22.816733067729082,76.05577689243027,False,Normal
PRM,2017-09,2026-08,108,PRIMA MARINE PUBLIC COMPANY LIMITED,SET,Transportation & Logistics,0,0,27.01851851851852,90.06172839506173,False,Normal
PROEN,2021-04,2026-08,65,PROEN CORP PUBLIC COMPANY LIMITED,mai,Information & Communication Technology,1,1,23.276923076923076,77.58974358974359,True,Distress/RS
PROS,2021-04,2026-08,65,PROSPER ENGINEERING PUBLIC COMPANY LIMITED,mai,,0,0,23.046153846153846,76.82051282051282,False,Normal
PROSPECT,2020-08,2026-08,73,PROSPECT LOGISTICS AND INDUSTRIAL FREEHOLD AND LEASEHOLD REAL ESTATE INVESTMENT TRUST,SET,Property Fund & REITs,0,0,16.383561643835616,54.61187214611872,False,Normal
PROUD,2019-05,2026-08,88,PROUD REAL ESTATE PUBLIC COMPANY LIMITED,SET,Property Development,0,0,23.34090909090909,77.8030303030303,False,Normal
PRTR,2023-03,2026-08,42,PRTR Group Public Company Limited,SET,Professional Services,0,0,22.11904761904762,73.73015873015873,False,Normal
PSGC,2006-09,2026-08,240,PSG CORPORATION PUBLIC COMPANY LIMITED,mai,,0,0,22.8625,76.20833333333333,False,Normal
PSH,2016-12,2026-08,117,PRUKSA HOLDING PUBLIC COMPANY LIMITED,SET,Property Development,0,0,27.555555555555557,91.85185185185186,False,Normal
PSL,1993-09,2026-08,396,PRECIOUS SHIPPING PUBLIC COMPANY LIMITED,SET,Transportation & Logistics,0,0,20.12121212121212,67.07070707070707,False,Normal
PSP,2023-08,2026-08,37,P.S.P.Specialties Public Company Limited,SET,Industrial Materials & Machinery,0,0,23.08108108108108,76.93693693693695,False,Normal
PT,2006-07,2026-08,242,PREMIER TECHNOLOGY PUBLIC COMPANY LIMITED,SET,Information & Communication Technology,0,0,25.049586776859503,83.49862258953168,False,Normal
PTC,2022-02,2026-08,55,PREMIER TANK CORPORATION PUBLIC COMPANY LIMITED,mai,,0,0,21.545454545454547,71.81818181818183,False,Normal
PTG,2013-05,2026-08,160,PTG ENERGY PUBLIC COMPANY LIMITED,SET,Energy & Utilities,0,0,26.525,88.41666666666667,False,Normal
PTL,2004-12,2026-08,261,POLYPLEX (THAILAND) PUBLIC COMPANY LIMITED,SET,Packaging,0,0,23.766283524904214,79.22094508301404,False,Normal
PTT,2001-12,2026-08,297,PTT PUBLIC COMPANY LIMITED,SET,Energy & Utilities,0,0,26.976430976430976,89.92143658810325,False,Normal
PTTEP,1993-06,2026-08,399,PTT EXPLORATION AND PRODUCTION PUBLIC COMPANY LIMITED,SET,Energy & Utilities,0,0,19.035087719298247,63.450292397660824,False,Normal
PTTGC,2011-10,2026-08,179,PTT GLOBAL CHEMICAL PUBLIC COMPANY LIMITED,SET,Petrochemicals & Chemicals,0,0,28.75418994413408,95.84729981378027,False,Normal
PYLON,2005-12,2026-08,249,PYLON PUBLIC COMPANY LIMITED,SET,Construction Services,0,0,23.646586345381525,78.82195448460509,False,Normal
Q-CON,2004-01,2026-08,272,QUALITY CONSTRUCTION PRODUCTS PUBLIC COMPANY LIMITED,SET,Construction Materials,0,0,22.893382352941178,76.31127450980392,False,Normal
QDC,2018-05,2026-08,100,QUANTUM D C PUBLIC COMPANY LIMITED,mai,,0,0,22.8,76.0,False,Normal
QH,1991-09,2026-08,420,QUALITY HOUSES PUBLIC COMPANY LIMITED,SET,Property Development,0,0,20.557142857142857,68.52380952380952,False,Normal
QHBREIT,2024-12,2026-08,21,Quality Houses Business Complex Leasehold Real Estate Investment Trust,SET,Property Fund & REITs,0,0,13.142857142857142,43.80952380952381,False,Normal
QHHRREIT,2024-05,2026-08,28,Quality Houses Hotel and Residence Freehold and Leasehold Real Estate Investment Trust,SET,Property Fund & REITs,0,0,20.178571428571427,67.26190476190476,False,Normal
QHOP,2008-04,2026-08,221,QUALITY HOSPITALITY LEASEHOLD PROPERTY FUND,SET,Property Fund & REITs,0,0,13.375565610859729,44.58521870286577,False,Normal
QLT,2009-06,2026-08,207,QUALITECH PUBLIC COMPANY LIMITED,mai,,0,0,23.59903381642512,78.6634460547504,False,Normal
QTC,2011-07,2026-08,182,QTC ENERGY PUBLIC COMPANY LIMITED,SET,Industrial Materials & Machinery,0,0,24.802197802197803,82.67399267399269,False,Normal
QTCG,2024-04,2026-08,29,QTCG PUBLIC COMPANY LIMITED,mai,,0,0,7.448275862068965,24.82758620689655,False,Normal
RABBIT,2022-12,2026-08,45,RABBIT HOLDINGS PUBLIC COMPANY LIMITED,SET,Property Development,0,0,22.57777777777778,75.25925925925925,False,Normal
RAM,1991-09,2026-08,420,RAMKHAMHAENG HOSPITAL PUBLIC COMPANY LIMITED,SET,Health Care Services,0,0,18.526190476190475,61.75396825396825,False,Normal
RATCH,2000-11,2026-08,310,RATCH GROUP PUBLIC COMPANY LIMITED,SET,Energy & Utilities,0,0,24.170967741935485,80.56989247311829,False,Normal
RBF,2019-10,2026-08,83,R&B FOOD SUPPLY PUBLIC COMPANY LIMITED,SET,Food & Beverage,0,0,28.72289156626506,95.7429718875502,False,Normal
RCL,1990-01,2026-08,440,REGIONAL CONTAINER LINES PUBLIC COMPANY LIMITED,SET,Transportation & Logistics,0,0,18.895454545454545,62.98484848484848,False,Normal
READY,2023-02,2026-08,43,READYPLANET PUBLIC COMPANY LIMITED,mai,,0,0,21.58139534883721,71.93798449612403,False,Normal
RICH,2006-08,2020-08,169,Rich Asia Corporation PCL,SET,Steel,0,0,7.763313609467455,25.877712031558186,False,Normal
RICHY,2014-08,2026-08,145,RICHY PLACE 2002 PUBLIC COMPANY LIMITED,SET,Property Development,1,1,23.889655172413793,79.63218390804597,True,Distress/RS
RJH,2016-09,2026-08,120,RAJTHANEE HOSPITAL PUBLIC COMPANY LIMITED,SET,Health Care Services,0,0,23.666666666666668,78.8888888888889,False,Normal
RML,1993-09,2026-08,396,RAIMON LAND PUBLIC COMPANY LIMITED,SET,Property Development,0,0,18.848484848484848,62.82828282828282,False,Normal
ROCK,1994-07,2026-08,386,ROCKWORTH PUBLIC COMPANY LIMITED,SET,Home & Office Products,0,0,19.60362694300518,65.3454231433506,False,Normal
ROCTEC,2023-12,2026-08,33,ROCTEC GLOBAL PUBLIC COMPANY LIMITED,SET,Information & Communication Technology,0,0,23.484848484848484,78.28282828282828,False,Normal
ROH,1989-07,2025-06,432,ROYAL ORCHID HOTEL (THAILAND) PUBLIC COMPANY LIMITED,SET,Tourism & Leisure,0,0,7.599537037037037,25.331790123456795,False,Normal
ROJNA,1995-12,2026-08,369,ROJANA INDUSTRIAL PARK PUBLIC COMPANY LIMITED,SET,Property Development,0,0,19.96747967479675,66.55826558265584,False,Normal
RP,2015-11,2026-08,130,RAJA FERRY PORT PUBLIC COMPANY LIMITED,mai,,0,0,23.323076923076922,77.74358974358974,False,Normal
RPC,2003-11,2026-08,274,RPCG PUBLIC COMPANY LIMITED,SET,Energy & Utilities,0,0,22.985401459854014,76.61800486618004,False,Normal
RPH,2017-02,2026-08,115,RATCHAPHRUEK HOSPITAL PUBLIC COMPANY LIMITED,SET,Health Care Services,0,0,23.53913043478261,78.46376811594203,False,Normal
RS,2003-05,2026-08,280,RS PUBLIC COMPANY LIMITED,SET,Commerce,0,0,24.442857142857143,81.47619047619048,False,Normal
RSP,2017-11,2026-08,106,RICH SPORT PUBLIC COMPANY LIMITED,SET,Commerce,0,0,23.67924528301887,78.9308176100629,False,Normal
RT,2020-11,2026-08,70,RIGHT TUNNELLING PUBLIC COMPANY LIMITED,SET,Construction Services,0,0,23.3,77.66666666666667,False,Normal
RWI,2014-09,2026-08,144,RAYONG WIRE INDUSTRIES PUBLIC COMPANY LIMITED,mai,,0,0,23.194444444444443,77.31481481481481,False,Normal
S,2007-04,2026-08,233,SINGHA ESTATE PUBLIC COMPANY LIMITED,SET,Property Development,0,0,24.746781115879827,82.48927038626609,False,Normal
S&J,1988-09,2026-08,456,S & J INTERNATIONAL ENTERPRISES PUBLIC COMPANY LIMITED,SET,Personal Products & Pharmaceuticals,0,0,17.81798245614035,59.39327485380116,False,Normal
S11,2015-02,2026-08,139,S 11 GROUP PUBLIC COMPANY LIMITED,SET,Finance & Securities,0,0,22.805755395683452,76.01918465227817,False,Normal
SA,2020-12,2026-08,69,SIAMESE ASSET PUBLIC COMPANY LIMITED,SET,Property Development,0,0,23.333333333333332,77.77777777777779,False,Normal
SAAM,2019-01,2026-08,92,SAAM DEVELOPMENT PUBLIC COMPANY LIMITED,mai,,0,0,23.467391304347824,78.22463768115941,False,Normal
SABINA,2008-05,2026-08,220,SABINA PUBLIC COMPANY LIMITED,SET,Fashion,0,0,25.168181818181818,83.8939393939394,False,Normal
SABUY,2020-11,2025-05,55,,SET,,0,0,8.0,26.666666666666668,False,Normal
SAF,2023-01,2026-08,44,S.A.F. SPECIAL STEEL PUBLIC COMPANY LIMITED,mai,,0,0,22.727272727272727,75.75757575757575,False,Normal
SAFE,2023-11,2026-08,34,Safe Fertility Group Public Company Limited,SET,Health Care Services,0,0,23.0,76.66666666666667,False,Normal
SAK,2020-12,2026-08,69,SAKSIAM LEASING PUBLIC COMPANY LIMITED,SET,Finance & Securities,0,0,28.565217391304348,95.21739130434781,False,Normal
SALEE,2005-04,2026-08,257,SALEE INDUSTRY PUBLIC COMPANY LIMITED,mai,Packaging,0,0,23.72762645914397,79.09208819714657,False,Normal
SAM,2005-12,2026-07,248,SAMCHAI STEEL INDUSTRIES PUBLIC COMPANY LIMITED,SET,Steel and Metal Products,0,0,7.923387096774194,26.411290322580644,False,Normal
SAMART,1993-12,2026-08,393,SAMART CORPORATION PUBLIC COMPANY LIMITED,SET,Information & Communication Technology,0,0,19.251908396946565,64.17302798982189,False,Normal
SAMCO,1993-06,2026-08,399,SAMMAKORN PUBLIC COMPANY LIMITED,SET,Property Development,0,0,19.142857142857142,63.8095238095238,False,Normal
SAMTEL,1996-07,2026-08,362,SAMART TELCOMS PUBLIC COMPANY LIMITED,SET,Information & Communication Technology,0,0,20.306629834254142,67.68876611418048,False,Normal
SANKO,2013-05,2026-08,160,SANKO DIECASTING (THAILAND) PUBLIC COMPANY LIMITED,mai,,0,0,23.46875,78.22916666666667,False,Normal
SAPPE,2014-06,2026-08,147,SAPPE PUBLIC COMPANY LIMITED,SET,Food & Beverage,0,0,25.299319727891156,84.3310657596372,False,Normal
SAT,2005-01,2026-08,260,SOMBOON ADVANCE TECHNOLOGY PUBLIC COMPANY LIMITED,SET,Automotive,0,0,24.915384615384614,83.05128205128204,False,Normal
SAUCE,1995-01,2026-08,380,THAITHEPAROS PUBLIC COMPANY LIMITED,SET,Food & Beverage,0,0,15.563157894736841,51.87719298245613,False,Normal
SAV,2023-09,2026-08,36,Samart Aviation Solutions Public Company Limited,SET,Transportation & Logistics,0,0,21.72222222222222,72.4074074074074,False,Normal
SAWAD,2014-05,2026-08,148,SRISAWAD CORPORATION PUBLIC COMPANY LIMITED,SET,Finance & Securities,0,0,25.68918918918919,85.63063063063063,False,Normal
SAWANG,1991-07,2026-08,422,SAWANG EXPORT PUBLIC COMPANY LIMITED,SET,Fashion,0,0,16.796208530805686,55.98736176935228,False,Normal
SC,2003-11,2026-08,274,SC ASSET CORPORATION PUBLIC COMPANY LIMITED,SET,Property Development,0,0,24.5,81.66666666666667,False,Normal
SCAP,2022-09,2026-08,48,SRISAWAD CAPITAL 1969 PUBLIC COMPANY LIMITED,SET,Finance & Securities,0,0,22.354166666666668,74.51388888888889,False,Normal
SCB,1984-01,2026-08,512,SCB X PUBLIC COMPANY LIMITED,SET,Banking,0,0,8.923828125,29.746093750000004,False,Normal
SCC,1984-01,2026-08,512,THE SIAM CEMENT PUBLIC COMPANY LIMITED,SET,Construction Materials,0,0,19.458984375,64.86328125,False,Normal
SCCC,1984-01,2026-08,512,SIAM CITY CEMENT PUBLIC COMPANY LIMITED,SET,Construction Materials,0,0,17.61328125,58.71093750000001,False,Normal
SCG,2004-01,2026-08,272,RATCH PATHANA ENERGY PUBLIC COMPANY LIMITED,SET,Energy & Utilities,0,0,24.56985294117647,81.89950980392156,False,Normal
SCGD,2023-12,2026-08,33,SCG DECOR PUBLIC COMPANY LIMITED,SET,Construction Materials,0,0,25.424242424242426,84.74747474747475,False,Normal
SCGP,2020-10,2026-08,71,SCG PACKAGING PUBLIC COMPANY LIMITED,SET,Packaging,0,0,28.887323943661972,96.29107981220658,False,Normal
SCI,2015-10,2026-08,131,SCI ELECTRIC PUBLIC COMPANY LIMITED,SET,Industrial Materials & Machinery,0,0,23.0381679389313,76.79389312977099,False,Normal
SCL,2023-11,2026-08,34,S.C.L. Motor Part Public Company Limited,mai,,0,0,7.529411764705882,25.098039215686274,False,Normal
SCM,2020-09,2026-08,72,SUCCESSMORE BEING PUBLIC COMPANY LIMITED,SET,Commerce,0,0,23.555555555555557,78.51851851851852,False,Normal
SCN,2015-02,2026-08,139,SCAN INTER PUBLIC COMPANY LIMITED,SET,Energy & Utilities,0,0,23.755395683453237,79.18465227817745,False,Normal
SCP,1991-06,2026-08,423,SOUTHERN CONCRETE PILE PUBLIC COMPANY LIMITED,SET,Construction Materials,0,0,7.709219858156028,25.69739952718676,False,Normal
SDC,2017-10,2026-08,107,SAMART DIGITAL PUBLIC COMPANY LIMITED,SET,Information & Communication Technology,0,0,23.074766355140188,76.91588785046729,False,Normal
SE,2017-02,2026-08,115,SIAMEAST SOLUTIONS PUBLIC COMPANY LIMITED,SET,Industrial Materials & Machinery,0,0,23.652173913043477,78.84057971014492,False,Normal
SE-ED,1991-08,2026-08,421,SE-EDUCATION PUBLIC COMPANY LIMITED,SET,Media & Publishing,0,0,17.624703087885987,58.74901029295329,False,Normal
SEAFCO,2005-12,2026-08,249,SEAFCO PUBLIC COMPANY LIMITED,SET,Construction Services,0,0,23.771084337349397,79.23694779116465,False,Normal
SEAOIL,2013-09,2026-08,156,SEA OIL PUBLIC COMPANY LIMITED,SET,Energy & Utilities,0,0,23.442307692307693,78.14102564102564,False,Normal
SECURE,2021-07,2026-08,62,NFORCE SECURE PUBLIC COMPANY LIMITED,mai,,0,0,23.693548387096776,78.97849462365592,False,Normal
SEI,2024-09,2026-08,24,"SEI MEDICAL PUBLIC CO., LTD.",mai,,0,0,7.333333333333333,24.444444444444443,False,Normal
SELIC,2016-10,2026-08,119,SELIC CORP PUBLIC COMPANY LIMITED,SET,Industrial Materials & Machinery,0,0,25.529411764705884,85.09803921568628,False,Normal
SENA,2009-07,2026-08,206,SENADEVELOPMENT PUBLIC COMPANY LIMITED,SET,Property Development,0,0,23.864077669902912,79.54692556634303,False,Normal
SENX,2014-11,2026-08,142,SEN X PUBLIC COMPANY LIMITED,mai,Property Development,0,0,23.464788732394368,78.21596244131456,False,Normal
SFLEX,2019-12,2026-08,81,STARFLEX PUBLIC COMPANY LIMITED,SET,Packaging,0,0,23.567901234567902,78.559670781893,False,Normal
SFT,2020-10,2026-08,71,SHRINKFLEX (THAILAND) PUBLIC COMPANY LIMITED,mai,,0,0,22.12676056338028,73.75586854460093,False,Normal
SGC,2022-12,2026-08,45,SG Capital Public Company Limited,SET,Finance & Securities,0,0,22.044444444444444,73.48148148148148,False,Normal
SGF,1988-02,2026-08,463,SGF CAPITAL PUBLIC COMPANY LIMITED,mai,Finance and Securities,0,0,7.319654427645788,24.39884809215263,False,Normal
SGP,2008-06,2026-08,219,SIAMGAS AND PETROCHEMICALS PUBLIC COMPANY LIMITED,SET,Energy & Utilities,0,0,25.474885844748858,84.91628614916286,False,Normal
SHANG,1990-09,2026-08,432,SHANGRI-LA HOTEL PUBLIC COMPANY LIMITED,SET,Tourism & Leisure,0,0,16.805555555555557,56.018518518518526,False,Normal
SHR,2019-11,2026-08,82,S HOTELS AND RESORTS PUBLIC COMPANY LIMITED,SET,Tourism & Leisure,0,0,24.804878048780488,82.68292682926828,False,Normal
SIAM,1992-03,2026-08,414,SIAM STEEL INTERNATIONAL PUBLIC COMPANY LIMITED,SET,Home & Office Products,0,0,17.985507246376812,59.951690821256044,False,Normal
SICT,2020-07,2026-08,74,SILICON CRAFT TECHNOLOGY PUBLIC COMPANY LIMITED,mai,,0,0,25.405405405405407,84.68468468468468,False,Normal
SIMAT,2007-12,2026-08,225,SIMAT TECHNOLOGIES PUBLIC COMPANY LIMITED,mai,Information & Communication Technology,0,0,7.928888888888889,26.42962962962963,False,Normal
SINGER,1984-06,2026-08,507,SINGER THAILAND PUBLIC COMPANY LIMITED,SET,Commerce,0,0,17.49112426035503,58.30374753451676,False,Normal
SINO,2023-09,2026-08,36,Sino Logistics Corporation Public Company Limited,SET,Transportation & Logistics,0,0,21.63888888888889,72.12962962962963,False,Normal
SIRI,1996-07,2026-08,362,SANSIRI PUBLIC COMPANY LIMITED,SET,Property Development,0,0,22.25414364640884,74.1804788213628,False,Normal
SIRIPRT,2024-11,2026-08,22,Siripinyo Real Estate Investment Trust,SET,Property Fund & REITs,0,0,12.545454545454545,41.81818181818181,False,Normal
SIS,2005-12,2026-08,249,SIS DISTRIBUTION (THAILAND) PUBLIC COMPANY LIMITED,SET,Information & Communication Technology,0,0,23.48995983935743,78.29986613119144,False,Normal
SISB,2018-11,2026-08,94,SISB PUBLIC COMPANY LIMITED,SET,Professional Services,0,0,25.170212765957448,83.90070921985816,False,Normal
SITHAI,1991-10,2026-08,419,SRITHAI SUPERWARE PUBLIC COMPANY LIMITED,SET,Packaging,0,0,18.930787589498806,63.10262529832935,False,Normal
SJWD,2023-02,2026-08,43,SCGJWD LOGISTICS PUBLIC COMPANY LIMITED,SET,Transportation & Logistics,0,0,28.511627906976745,95.03875968992249,False,Normal
SK,2020-10,2026-08,71,SIRAKORN PUBLIC COMPANY LIMITED,mai,,0,0,7.774647887323944,25.915492957746476,False,Normal
SKE,2017-11,2026-08,106,SAKOL ENERGY PUBLIC COMPANY LIMITED,SET,Energy & Utilities,0,0,23.254716981132077,77.51572327044026,False,Normal
SKIN,2025-09,2026-08,12,SKIN LABORATORY PUBLIC COMPANY LIMITED,mai,,0,0,6.666666666666667,22.222222222222225,False,Normal
SKN,2017-09,2026-08,108,S.KIJCHAI ENTERPRISE PUBLIC COMPANY LIMITED,SET,Construction Materials,0,0,23.59259259259259,78.64197530864197,False,Normal
SKR,1988-01,2026-08,464,SIKARIN PUBLIC COMPANY LIMITED,SET,Health Care Services,0,0,18.073275862068964,60.24425287356322,False,Normal
SKY,2017-07,2026-08,110,SKY ICT PUBLIC COMPANY LIMITED,SET,Information & Communication Technology,0,0,23.772727272727273,79.24242424242425,False,Normal
SLP,2015-05,2026-08,136,SALEE PRINTING PUBLIC COMPANY LIMITED,SET,Packaging,0,0,23.375,77.91666666666667,False,Normal
SMART,2014-10,2026-08,143,SMART CONCRETE PUBLIC COMPANY LIMITED,mai,,0,0,23.27972027972028,77.5990675990676,False,Normal
SMD100,2021-06,2026-08,63,SMD RISE PUBLIC COMPANY LIMITED,mai,,0,0,23.50793650793651,78.35978835978837,False,Normal
SMIT,2005-12,2026-08,249,SAHAMIT MACHINERY PUBLIC COMPANY LIMITED,SET,Steel and Metal Products,0,0,22.57831325301205,75.26104417670683,False,Normal
SMO,2025-11,2026-08,10,SMOTHONG GROUP PUBLIC COMPANY LIMITED,SET,Agribusiness,0,0,19.4,64.66666666666666,False,Normal
SMPC,1991-12,2026-08,417,SAHAMITR PRESSURE CONTAINER PUBLIC COMPANY LIMITED,SET,Packaging,0,0,18.023980815347723,60.07993605115908,False,Normal
SMT,2009-09,2026-08,204,STARS MICROELECTRONICS (THAILAND) PUBLIC COMPANY LIMITED,SET,Electronic Components,0,0,23.284313725490197,77.61437908496733,False,Normal
SNC,2004-10,2026-08,263,SNC FORMER PUBLIC COMPANY LIMITED,SET,Industrial Materials & Machinery,0,0,24.311787072243344,81.03929024081114,False,Normal
SNNP,2021-07,2026-08,62,SRINANAPORN MARKETING PUBLIC COMPANY LIMITED,SET,Food & Beverage,0,0,23.548387096774192,78.49462365591397,False,Normal
SNP,1989-05,2026-08,448,S & P SYNDICATE PUBLIC COMPANY LIMITED,SET,Food & Beverage,0,0,18.095982142857142,60.31994047619047,False,Normal
SNPS,2024-11,2026-08,22,Specialty Natural Products Public Company Limited,SET,Personal Products & Pharmaceuticals,0,0,22.0,73.33333333333333,False,Normal
SO,2020-10,2026-08,71,SIAMRAJATHANEE PUBLIC COMPANY LIMITED,SET,Professional Services,0,0,23.661971830985916,78.87323943661973,False,Normal
SOLAR,2005-03,2026-08,258,SOLARTRON PUBLIC COMPANY LIMITED,SET,Construction Services,0,0,23.05426356589147,76.84754521963823,False,Normal
SONIC,2018-10,2026-08,95,SONIC INTERFREIGHT PUBLIC COMPANY LIMITED,mai,,0,0,22.51578947368421,75.05263157894737,False,Normal
SORKON,1993-04,2026-08,401,S. KHONKAEN FOODS PUBLIC COMPANY LIMITED,SET,Food & Beverage,0,0,18.698254364089774,62.327514546965915,False,Normal
SPA,2014-10,2026-08,143,SIAM WELLNESS GROUP PUBLIC COMPANY LIMITED,SET,Tourism & Leisure,0,0,23.524475524475523,78.41491841491842,False,Normal
SPACK,2004-03,2026-08,270,S. PACK & PRINT PUBLIC COMPANY LIMITED,SET,Packaging,0,0,23.522222222222222,78.4074074074074,False,Normal
SPALI,1993-11,2026-08,394,SUPALAI PUBLIC COMPANY LIMITED,SET,Property Development,0,0,20.441624365482234,68.13874788494077,False,Normal
SPC,1984-01,2026-08,512,SAHA PATHANAPIBUL PUBLIC COMPANY LIMITED,SET,Commerce,0,0,17.0546875,56.848958333333336,False,Normal
SPCG,2005-12,2026-08,249,SPCG PUBLIC COMPANY LIMITED,SET,Energy & Utilities,0,0,23.526104417670684,78.42034805890228,False,Normal
SPG,1998-01,2026-08,344,THE SIAM PAN GROUP PUBLIC COMPANY LIMITED,SET,Automotive,0,0,19.575581395348838,65.25193798449612,False,Normal
SPI,1984-01,2026-08,512,SAHA PATHANA INTER-HOLDING PUBLIC COMPANY LIMITED,SET,Commerce,0,0,16.720703125,55.735677083333336,False,Normal
SPRC,2015-12,2026-08,129,STAR PETROLEUM REFINING PUBLIC COMPANY LIMITED,SET,Energy & Utilities,0,0,26.7984496124031,89.328165374677,False,Normal
SPREME,2024-05,2026-08,28,Supreme Distribution Public Company Limited,SET,Information & Communication Technology,0,0,22.785714285714285,75.95238095238095,False,Normal
SPRIME,2019-01,2026-08,92,S PRIME GROWTH LEASEHOLD REAL ESTATE INVESTMENT TRUST,SET,Property Fund & REITs,0,0,19.717391304347824,65.72463768115941,False,Normal
SPTX,2026-01,2026-08,8,SPT X PUBLIC COMPANY LIMITED,mai,,0,0,20.125,67.08333333333333,False,Normal
SPVI,2013-12,2026-08,153,S P V I PUBLIC COMPANY LIMITED,mai,,0,0,21.69934640522876,72.33115468409586,False,Normal
SQ,2016-10,2026-08,119,SAHAKOL EQUIPMENT PUBLIC COMPANY LIMITED,SET,Construction Services,1,1,7.8655462184873945,26.218487394957986,True,Distress/RS
SR,2015-11,2026-08,130,SIAMRAJ PUBLIC COMPANY LIMITED,mai,,0,0,23.23076923076923,77.43589743589745,False,Normal
SRICHA,2012-07,2026-08,170,SRIRACHA CONSTRUCTION PUBLIC COMPANY LIMITED,SET,Construction Services,0,0,23.429411764705883,78.09803921568627,False,Normal
SRIPANWA,2016-12,2026-08,117,SRI PANWA HOSPITALITY REAL ESTATE INVESTMENT TRUST,SET,Property Fund & REITs,0,0,20.683760683760685,68.94586894586895,False,Normal
SRS,2023-10,2026-08,35,SIRISOFT PUBLIC COMPANY LIMITED,mai,,0,0,21.285714285714285,70.95238095238095,False,Normal
SSF,1989-09,2026-08,444,SURAPON FOODS PUBLIC COMPANY LIMITED,SET,Food & Beverage,0,0,18.006756756756758,60.02252252252253,False,Normal
SSP,2017-09,2026-08,108,SERMSANG POWER CORPORATION PUBLIC COMPANY LIMITED,SET,Energy & Utilities,0,0,24.11111111111111,80.37037037037037,False,Normal
SSPF,2009-08,2026-08,205,SALA @ SATHORN PROPERTY FUND,SET,Property Fund & REITs,0,0,12.297560975609755,40.99186991869919,False,Normal
SSSC,1996-01,2026-08,368,SIAM STEEL SERVICE CENTER PUBLIC COMPANY LIMITED,SET,Steel and Metal Products,0,0,20.9375,69.79166666666666,False,Normal
SST,1990-01,2026-08,440,SUB SRI THAI PUBLIC COMPANY LIMITED,SET,Food & Beverage,0,0,17.03181818181818,56.77272727272727,False,Normal
SSTRT,2017-12,2026-08,105,SUB SRI THAI REAL ESTATE INVESTMENT TRUST,SET,Property Fund & REITs,0,0,20.295238095238094,67.65079365079364,False,Normal
STA,1991-08,2026-08,421,SRI TRANG AGRO-INDUSTRY PUBLIC COMPANY LIMITED,SET,Agribusiness,0,0,19.453681710213775,64.84560570071258,False,Normal
STANLY,1991-05,2026-08,424,THAI STANLEY ELECTRIC PUBLIC COMPANY LIMITED,SET,Automotive,0,0,15.71933962264151,52.39779874213837,False,Normal
STARK,2019-07,2024-09,63,Stark Corporation PCL,SET,Industrial Materials,1,1,7.73015873015873,25.767195767195766,True,Distress/RS
STARM,2022-12,2026-08,45,STAR MONEY PUBLIC COMPANY LIMITED,SET,Finance & Securities,0,0,20.866666666666667,69.55555555555556,False,Normal
STC,2019-11,2026-08,82,STC CONCRETE PRODUCT PUBLIC COMPANY LIMITED,mai,,0,0,23.317073170731707,77.72357723577235,False,Normal
STECH,2021-07,2026-08,62,SIAM TECHNIC CONCRETE PUBLIC COMPANY LIMITED,SET,Construction Materials,0,0,23.080645161290324,76.93548387096774,False,Normal
STECON,2024-10,2026-08,23,STECON GROUP PUBLIC COMPANY LIMITED,SET,Construction Services,0,0,23.695652173913043,78.98550724637681,False,Normal
STELLA,2025-01,2026-08,20,STELLA X PUBLIC COMPANY LIMITED,SET,Property Development,0,0,22.2,74.0,False,Normal
STGT,2020-07,2026-08,74,SRI TRANG GLOVES (THAILAND) PUBLIC COMPANY LIMITED,SET,Personal Products & Pharmaceuticals,0,0,28.527027027027028,95.0900900900901,False,Normal
STI,2018-12,2026-08,93,STONEHENGE INTER PUBLIC COMPANY LIMITED,SET,Construction Services,0,0,22.763440860215052,75.87813620071684,False,Normal
STOWER,2021-07,2026-08,62,SKY TOWER PUBLIC COMPANY LIMITED,mai,Industrial Materials & Machinery,0,0,22.70967741935484,75.6989247311828,False,Normal
STP,2022-06,2026-08,51,SAHATHAI PRINTING & PACKAGING PUBLIC COMPANY LIMITED,mai,,0,0,23.568627450980394,78.56209150326798,False,Normal
STPI,1996-05,2026-08,364,STP&I PUBLIC COMPANY LIMITED,SET,Construction Services,0,0,19.914835164835164,66.38278388278388,False,Normal
STX,2024-04,2026-08,29,Stone One Public Company Limited,mai,,0,0,7.448275862068965,24.82758620689655,False,Normal
SUC,1990-01,2026-08,440,SAHA-UNION PUBLIC COMPANY LIMITED,SET,Fashion,0,0,18.304545454545455,61.01515151515151,False,Normal
SUN,2017-12,2026-08,105,SUNSWEET PUBLIC COMPANY LIMITED,SET,Food & Beverage,0,0,23.533333333333335,78.44444444444446,False,Normal
SUPER,2005-12,2026-08,249,SUPER ENERGY CORPORATION PUBLIC COMPANY LIMITED,SET,Energy & Utilities,0,0,25.104417670682732,83.68139223560911,False,Normal
SUPEREIF,2019-08,2026-08,85,SUPER ENERGY POWER PLANT INFRASTRUCTURE FUND,SET,Energy & Utilities,0,0,19.270588235294117,64.23529411764706,False,Normal
SUSCO,1990-08,2026-08,433,SUSCO PUBLIC COMPANY LIMITED,SET,Energy & Utilities,0,0,18.44110854503464,61.47036181678214,False,Normal
SUTHA,2014-04,2026-08,149,GOLDEN LIME PUBLIC COMPANY LIMITED,SET,Petrochemicals & Chemicals,0,0,25.241610738255034,84.13870246085011,False,Normal
SVI,1989-09,2026-05,441,Svi PCL,SET,Electronic Component,0,0,7.54421768707483,25.14739229024943,False,Normal
SVOA,1993-09,2026-08,396,SVOA PUBLIC COMPANY LIMITED,SET,Information & Communication Technology,0,0,7.8813131313131315,26.27104377104377,False,Normal
SVR,2023-02,2026-08,43,SIVAROM REAL ESTATE PUBLIC COMPANY LIMITED,mai,Property Development,0,0,22.906976744186046,76.35658914728683,False,Normal
SVT,2021-10,2026-08,59,SUN VENDING TECHNOLOGY PUBLIC COMPANY LIMITED,SET,Commerce,0,0,21.677966101694917,72.25988700564973,False,Normal
SWC,2005-12,2026-08,249,SHERWOOD CORPORATION (THAILAND) PUBLIC COMPANY LIMITED,mai,Petrochemicals & Chemicals,0,0,20.582329317269075,68.60776439089692,False,Normal
SYMC,2010-11,2026-08,190,SYMPHONY COMMUNICATION PUBLIC COMPANY LIMITED,SET,Information & Communication Technology,0,0,23.28421052631579,77.6140350877193,False,Normal
SYNEX,2008-06,2026-08,219,SYNNEX (THAILAND) PUBLIC COMPANY LIMITED,SET,Information & Communication Technology,0,0,25.447488584474886,84.82496194824962,False,Normal
SYNTEC,1993-07,2026-08,398,SYNTEC CONSTRUCTION PUBLIC COMPANY LIMITED,SET,Construction Services,0,0,19.263819095477388,64.21273031825795,False,Normal
TACC,2015-12,2026-08,129,T.A.C. CONSUMER PUBLIC COMPANY LIMITED,mai,,0,0,23.5968992248062,78.656330749354,False,Normal
TAE,2014-06,2026-08,147,THAI AGRO ENERGY PUBLIC COMPANY LIMITED,SET,Energy & Utilities,0,0,23.687074829931973,78.95691609977324,False,Normal
TAKUNI,2014-08,2026-08,145,TAKUNI GROUP PUBLIC COMPANY LIMITED,mai,Energy & Utilities,0,0,23.53103448275862,78.4367816091954,False,Normal
TAN,2023-10,2026-08,35,Tanachira Retail Corporation Public Company Limited,SET,Commerce,0,0,22.685714285714287,75.61904761904762,False,Normal
TAPAC,2005-12,2024-05,222,TAPACO PUBLIC COMPANY LIMITED,mai,,0,0,23.91891891891892,79.72972972972973,False,Normal
TASCO,1991-03,2026-08,426,TIPCO ASPHALT PUBLIC COMPANY LIMITED,SET,Construction Materials,0,0,19.227699530516432,64.0923317683881,False,Normal
TATG,2024-10,2026-08,23,THAI AUTO TOOLS AND DIE PUBLIC COMPANY LIMITED,mai,,0,0,7.304347826086956,24.34782608695652,False,Normal
TBN,2023-06,2026-08,39,TBN Corporation Public Company Limited,mai,,0,0,21.666666666666668,72.22222222222221,False,Normal
TBSP,1996-03,2026-08,366,TBSP PUBLIC COMPANY LIMITED,SET,Media & Publishing,0,0,18.937158469945356,63.12386156648452,False,Normal
TC,1990-01,2026-08,440,TROPICAL CANNING (THAILAND) PUBLIC COMPANY LIMITED,SET,Food & Beverage,0,0,17.96818181818182,59.8939393939394,False,Normal
TCAP,1984-01,2026-08,512,THANACHART CAPITAL PUBLIC COMPANY LIMITED,SET,Banking,0,0,13.984375,46.61458333333333,False,Normal
TCC,1991-04,2026-08,425,THAI CAPITAL CORPORATION PUBLIC COMPANY LIMITED,SET,Energy & Utilities,0,0,18.256470588235295,60.85490196078431,False,Normal
TCJ,1995-11,2026-08,370,T.C.J. ASIA PUBLIC COMPANY LIMITED,SET,Industrial Materials & Machinery,0,0,20.213513513513515,67.37837837837837,False,Normal
TCMC,1984-03,2026-08,510,TCM CORPORATION PUBLIC COMPANY LIMITED,SET,Home & Office Products,0,0,16.176470588235293,53.92156862745098,False,Normal
TCOAT,1994-06,2026-08,387,THAI COATING INDUSTRIAL PUBLIC COMPANY LIMITED,SET,Packaging,0,0,19.297157622739018,64.32385874246339,False,Normal
TEAM,2001-11,2026-08,298,TEAM PRECISION PUBLIC COMPANY LIMITED,SET,Electronic Components,0,0,22.406040268456376,74.68680089485458,False,Normal
TEAMG,2018-07,2026-08,98,TEAM CONSULTING ENGINEERING AND MANAGEMENT PUBLIC COMPANY LIMITED,SET,Construction Services,0,0,23.163265306122447,77.21088435374149,False,Normal
TEGH,2022-09,2026-08,48,Thai Eastern Group Holdings Public Company Limited,SET,Agribusiness,0,0,23.145833333333332,77.15277777777777,False,Normal
TEKA,2022-06,2026-08,51,TEKA CONSTRUCTION PUBLIC COMPANY LIMITED,SET,Construction Services,0,0,23.098039215686274,76.99346405228759,False,Normal
TERA,2024-04,2026-08,29,Terabyte Plus Public Company Limited,mai,,0,0,7.448275862068965,24.82758620689655,False,Normal
TFFIF,2018-10,2026-08,95,THAILAND FUTURE FUND,SET,Transportation & Logistics,0,0,16.105263157894736,53.68421052631579,False,Normal
TFG,2015-10,2026-08,131,THAIFOODS GROUP PUBLIC COMPANY LIMITED,SET,Food & Beverage,0,0,26.068702290076335,86.89567430025444,False,Normal
TFI,1989-12,2026-08,441,THAI FUTURE INCORPORATION PUBLIC COMPANY LIMITED,SET,Packaging,0,0,17.46938775510204,58.23129251700681,False,Normal
TFM,2021-10,2026-08,59,THAI UNION FEEDMILL PUBLIC COMPANY LIMITED,SET,Agribusiness,0,0,24.271186440677965,80.90395480225988,False,Normal
TFMAMA,2017-10,2026-08,107,THAI PRESIDENT FOODS PUBLIC COMPANY LIMITED,SET,Food & Beverage,0,0,24.50467289719626,81.6822429906542,False,Normal
TGE,2022-08,2026-08,49,THACHANG GREEN ENERGY PUBLIC COMPANY LIMITED,SET,Energy & Utilities,0,0,23.489795918367346,78.29931972789115,False,Normal
TGH,2019-07,2026-08,86,THAI GROUP HOLDINGS PUBLIC COMPANY LIMITED,SET,Insurance,0,0,17.08139534883721,56.93798449612403,False,Normal
TGPRO,1995-01,2026-08,380,THAI-GERMAN PRODUCTS PUBLIC COMPANY LIMITED,SET,Steel and Metal Products,0,0,18.957894736842107,63.192982456140356,False,Normal
TH,1991-05,2026-08,424,TONG HUA HOLDING PUBLIC COMPANY LIMITED,SET,Finance & Securities,0,0,16.028301886792452,53.427672955974835,False,Normal
THAI,1992-07,2026-08,410,THAI AIRWAYS INTERNATIONAL PUBLIC COMPANY LIMITED,SET,Transportation & Logistics,1,1,21.76829268292683,72.56097560975611,True,Distress/RS
THANA,2009-12,2026-08,201,THANASIRI GROUP PUBLIC COMPANY LIMITED,mai,Commerce,0,0,24.33830845771144,81.12769485903813,False,Normal
THANI,2002-12,2026-08,285,RATCHTHANI LEASING PUBLIC COMPANY LIMITED,SET,Finance & Securities,0,0,23.750877192982458,79.16959064327486,False,Normal
THCOM,1994-01,2026-08,392,THAICOM PUBLIC COMPANY LIMITED,SET,Information & Communication Technology,0,0,21.033163265306122,70.11054421768708,False,Normal
THE,2007-08,2026-08,229,THE STEEL PUBLIC COMPANY LIMITED,SET,Steel and Metal Products,0,0,23.524017467248907,78.41339155749635,False,Normal
THG,2017-12,2026-08,105,THONBURI HEALTHCARE GROUP PUBLIC COMPANY LIMITED,SET,Health Care Services,0,0,25.81904761904762,86.06349206349206,False,Normal
THIP,1994-12,2026-08,381,THANTAWAN INDUSTRY PUBLIC COMPANY LIMITED,SET,Packaging,0,0,18.9501312335958,63.167104111986006,False,Normal
THMUI,2017-11,2026-08,106,THAI MUI CORPORATION PUBLIC COMPANY LIMITED,mai,,0,0,23.141509433962263,77.13836477987421,False,Normal
THRE,1993-02,2026-08,403,THAI REINSURANCE PUBLIC COMPANY LIMITED,SET,Insurance,0,0,14.704714640198512,49.01571546732838,False,Normal
THREL,2013-10,2026-08,155,THAIRE LIFE ASSURANCE PUBLIC COMPANY LIMITED,SET,Insurance,0,0,17.64516129032258,58.817204301075265,False,Normal
TIDLOR,2021-05,2026-08,64,TIDLOR HOLDINGS PUBLIC COMPANY LIMITED,SET,Finance & Securities,0,0,10.828125,36.09375,False,Normal
TIF1,2005-12,2026-08,249,THAI INDUSTRIAL FUND 1,SET,Property Fund & REITs,0,0,15.377510040160642,51.25836680053547,False,Normal
TIGER,2018-10,2026-08,95,THAI ENGER HOLDING PUBLIC COMPANY LIMITED,mai,,0,0,7.831578947368421,26.105263157894736,False,Normal
TIPCO,1989-09,2026-08,444,TIPCO FOODS PUBLIC COMPANY LIMITED,SET,Food & Beverage,0,0,18.027027027027028,60.0900900900901,False,Normal
TIPH,2021-09,2026-08,60,DHIPAYA GROUP HOLDINGS PUBLIC COMPANY LIMITED,SET,Insurance,0,0,16.283333333333335,54.27777777777778,False,Normal
TISCO,1984-01,2026-08,512,TISCO FINANCIAL GROUP PUBLIC COMPANY LIMITED,SET,Banking,0,0,15.197265625,50.657552083333336,False,Normal
TITLE,2017-11,2026-08,106,RHOM BHO PROPERTY PUBLIC COMPANY LIMITED,SET,Property Development,0,0,23.39622641509434,77.9874213836478,False,Normal
TK,2003-10,2026-08,275,THITIKORN PUBLIC COMPANY LIMITED,SET,Finance & Securities,0,0,23.316363636363636,77.72121212121212,False,Normal
TKC,2022-01,2026-08,56,TURNKEY COMMUNICATION SERVICES PUBLIC COMPANY LIMITED,SET,Information & Communication Technology,0,0,23.232142857142858,77.44047619047619,False,Normal
TKN,2015-12,2026-08,129,TAOKAENOI FOOD & MARKETING PUBLIC COMPANY LIMITED,SET,Food & Beverage,0,0,27.155038759689923,90.51679586563307,False,Normal
TKS,2003-11,2026-08,274,T.K.S. TECHNOLOGIES PUBLIC COMPANY LIMITED,SET,Media & Publishing,0,0,24.193430656934307,80.64476885644768,False,Normal
TKT,2005-12,2026-08,249,T.KRUNGTHAI INDUSTRIES PUBLIC COMPANY LIMITED,SET,Automotive,0,0,23.923694779116467,79.74564926372155,False,Normal
TL,2025-06,2026-08,15,TECHLEAD NEXT PUBLIC COMPANY LIMITED,SET,Information & Communication Technology,0,0,22.533333333333335,75.11111111111111,False,Normal
TLHPF,2015-11,2026-08,130,THAILAND HOSPITALITY PROPERTY FUND,SET,Property Fund & REITs,0,0,15.569230769230769,51.8974358974359,False,Normal
TLI,2022-07,2026-08,50,THAI LIFE INSURANCE PUBLIC COMPANY LIMITED,SET,Insurance,0,0,16.78,55.93333333333334,False,Normal
TM,2016-08,2026-08,121,TECHNO MEDICAL PUBLIC COMPANY LIMITED,mai,,0,0,23.462809917355372,78.20936639118457,False,Normal
TMAN,2024-10,2026-08,23,T.Man Pharmaceutical Public Company Limited,SET,Personal Products & Pharmaceuticals,0,0,22.91304347826087,76.37681159420289,False,Normal
TMC,2012-10,2026-08,167,T.M.C. INDUSTRIAL PUBLIC COMPANY LIMITED,mai,,0,0,23.07185628742515,76.9061876247505,False,Normal
TMD,1989-11,2026-08,442,THAI METAL DRUM MANUFACTURING PUBLIC COMPANY LIMITED,SET,Packaging,0,0,16.742081447963802,55.80693815987934,False,Normal
TMI,2010-05,2026-08,196,TEERA-MONGKOL INDUSTRY PUBLIC COMPANY LIMITED,mai,Home & Office Products,0,0,22.892857142857142,76.30952380952381,False,Normal
TMILL,2012-11,2026-08,166,T S FLOUR MILL PUBLIC COMPANY LIMITED,mai,,0,0,26.0,86.66666666666667,False,Normal
TMT,2005-12,2026-08,249,TMT STEEL PUBLIC COMPANY LIMITED,SET,Steel and Metal Products,0,0,24.70682730923695,82.35609103078984,False,Normal
TMW,2003-10,2026-08,275,THAI MITSUWA PUBLIC COMPANY LIMITED,mai,,0,0,7.941818181818181,26.47272727272727,False,Normal
TNDT,2007-09,2026-08,228,THAI NONDESTRUCTIVE TESTING PUBLIC COMPANY LIMITED,mai,,0,0,23.469298245614034,78.23099415204679,False,Normal
TNH,2005-12,2026-08,249,THAI NAKARIN HOSPITAL PUBLIC COMPANY LIMITED,mai,,0,0,19.771084337349397,65.90361445783131,False,Normal
TNITY,2002-12,2026-08,285,TRINITY WATTHANA PUBLIC COMPANY LIMITED,SET,Finance & Securities,0,0,22.196491228070176,73.98830409356727,False,Normal
TNL,1990-01,2026-08,440,THANULUX PUBLIC COMPANY LIMITED,SET,Finance & Securities,0,0,17.975,59.91666666666667,False,Normal
TNP,2015-11,2026-08,130,THANAPIRIYA PUBLIC COMPANY LIMITED,mai,,0,0,23.253846153846155,77.51282051282051,False,Normal
TNPC,1992-02,2026-08,415,THAI NAM PLASTIC PUBLIC COMPANY LIMITED,SET,Automotive,0,0,18.204819277108435,60.682730923694784,False,Normal
TNPF,2011-03,2026-08,186,TRINITY FREEHOLD AND LEASEHOLD PROPERTY FUND,SET,Property Fund & REITs,0,0,14.494623655913978,48.31541218637992,False,Normal
TNR,2016-11,2026-08,118,THAI NIPPON RUBBER INDUSTRY PUBLIC COMPANY LIMITED,SET,Personal Products & Pharmaceuticals,0,0,23.610169491525422,78.7005649717514,False,Normal
TOA,2017-10,2026-08,107,TOA PAINT (THAILAND) PUBLIC COMPANY LIMITED,SET,Construction Materials,0,0,27.85981308411215,92.86604361370718,False,Normal
TOG,2006-05,2026-08,244,THAI OPTICAL GROUP PUBLIC COMPANY LIMITED,SET,Personal Products & Pharmaceuticals,0,0,25.028688524590162,83.42896174863388,False,Normal
TOP,2004-10,2026-08,263,THAI OIL PUBLIC COMPANY LIMITED,SET,Energy & Utilities,0,0,27.96577946768061,93.2192648922687,False,Normal
TOPP,1991-05,2026-08,424,THAI O.P.P. PUBLIC COMPANY LIMITED,SET,Packaging,0,0,15.75,52.5,False,Normal
TPA,1994-12,2026-08,381,THAI POLY ACRYLIC PUBLIC COMPANY LIMITED,SET,Petrochemicals & Chemicals,0,0,19.8005249343832,66.00174978127734,False,Normal
TPAC,2005-12,2026-08,249,THAI PLASPAC PUBLIC COMPANY LIMITED,SET,Packaging,0,0,23.947791164658636,79.82597054886213,False,Normal
TPBI,2016-03,2026-08,126,TPBI PUBLIC COMPANY LIMITED,SET,Packaging,0,0,24.134920634920636,80.44973544973544,False,Normal
TPCH,2015-01,2026-08,140,TPC POWER HOLDING PUBLIC COMPANY LIMITED,mai,Energy & Utilities,1,1,23.507142857142856,78.35714285714286,True,Distress/RS
TPCS,1990-01,2026-08,440,TPCS PUBLIC COMPANY LIMITED,SET,Industrial Materials & Machinery,0,0,17.275,57.58333333333333,False,Normal
TPIPL,1990-11,2026-08,430,TPI POLENE PUBLIC COMPANY LIMITED,SET,Construction Materials,0,0,19.295348837209303,64.31782945736434,False,Normal
TPIPP,2017-04,2026-08,113,TPI POLENE POWER PUBLIC COMPANY LIMITED,SET,Energy & Utilities,0,0,27.150442477876105,90.50147492625368,False,Normal
TPL,2023-06,2026-08,39,Thai Parcels Public Company Limited,mai,,0,0,22.025641025641026,73.4188034188034,False,Normal
TPLAS,2018-09,2026-08,96,THAI PLASTIC INDUSTRIAL (1994) PUBLIC COMPANY LIMITED,mai,,0,0,23.489583333333332,78.2986111111111,False,Normal
TPOLY,2009-03,2026-08,210,THAI POLYCONS PUBLIC COMPANY LIMITED,SET,Construction Services,1,1,23.61904761904762,78.73015873015873,True,Distress/RS
TPP,1990-11,2026-08,430,THAI PACKAGING & PRINTING PUBLIC COMPANY LIMITED,SET,Packaging,0,0,18.376744186046512,61.25581395348837,False,Normal
TPRIME,2016-10,2026-08,119,THAILAND PRIME PROPERTY FREEHOLD AND LEASEHOLD REAL ESTATE INVESTMENT TRUST,SET,Property Fund & REITs,0,0,19.69747899159664,65.65826330532212,False,Normal
TPS,2019-11,2026-08,82,THE PRACTICAL SOLUTION PUBLIC COMPANY LIMITED,mai,,0,0,23.51219512195122,78.3739837398374,False,Normal
TQM,2018-12,2026-08,93,TQM ALPHA PUBLIC COMPANY LIMITED,SET,Insurance,0,0,26.806451612903224,89.35483870967741,False,Normal
TQR,2021-02,2026-08,67,TQR PUBLIC COMPANY LIMITED,mai,,0,0,22.17910447761194,73.93034825870647,False,Normal
TR,1990-04,2025-09,426,THAI RAYON PUBLIC COMPANY LIMITED,SET,Fashion,0,0,7.657276995305164,25.524256651017215,False,Normal
TRC,2005-12,2026-08,249,TRC CONSTRUCTION PUBLIC COMPANY LIMITED,SET,Construction Services,0,0,23.096385542168676,76.98795180722891,False,Normal
TRITN,1995-02,2026-08,379,TRITON HOLDING PUBLIC COMPANY LIMITED,SET,Construction Services,0,0,19.195250659630606,63.98416886543535,False,Normal
TRP,2023-10,2026-08,35,Aesthetic Connect Public Company Limited,mai,,0,0,22.685714285714287,75.61904761904762,False,Normal
TRT,2006-05,2026-08,244,TIRATHAI PUBLIC COMPANY LIMITED,mai,Electronic Components,0,0,23.725409836065573,79.0846994535519,False,Normal
TRU,1994-11,2026-08,382,THAI RUNG UNION CAR PUBLIC COMPANY LIMITED,SET,Automotive,0,0,19.827225130890053,66.09075043630017,False,Normal
TRUBB,1991-07,2026-08,422,THAI RUBBER LATEX GROUP PUBLIC COMPANY LIMITED,SET,Agribusiness,0,0,18.509478672985782,61.69826224328594,False,Normal
TRUE,1993-12,2026-08,393,TRUE CORPORATION PUBLIC COMPANY LIMITED,SET,Information & Communication Technology,0,0,9.641221374045802,32.137404580152676,False,Normal
TRV,2021-12,2026-08,57,T.R.V. RUBBER PRODUCTS PUBLIC COMPANY LIMITED,mai,Transportation & Logistics,0,0,23.017543859649123,76.7251461988304,False,Normal
TSC,2005-12,2026-08,249,THAI STEEL CABLE PUBLIC COMPANY LIMITED,SET,Automotive,0,0,24.365461847389557,81.21820615796518,False,Normal
TSE,2014-10,2026-08,143,THAI SOLAR ENERGY PUBLIC COMPANY LIMITED,SET,Energy & Utilities,0,0,22.713286713286713,75.7109557109557,False,Normal
TSI,1991-03,2026-08,426,THE THAI SETAKIJ INSURANCE PUBLIC COMPANY LIMITED,SET,Insurance,0,0,13.366197183098592,44.55399061032864,False,Normal
TSR,2014-06,2026-05,144,TSR LIVING SOLUTION PUBLIC COMPANY LIMITED,SET,Home & Office Products,0,0,7.805555555555555,26.01851851851852,False,Normal
TSTE,1990-07,2026-08,434,TSTE PUBLIC COMPANY LIMITED,SET,Transportation & Logistics,0,0,17.928571428571427,59.76190476190476,False,Normal
TSTH,2002-12,2026-08,285,TATA STEEL (THAILAND) PUBLIC COMPANY LIMITED,SET,Steel and Metal Products,0,0,23.880701754385964,79.60233918128654,False,Normal
TTA,1995-09,2026-08,372,THORESEN THAI AGENCIES PUBLIC COMPANY LIMITED,SET,Transportation & Logistics,0,0,20.634408602150536,68.78136200716845,False,Normal
TTB,2021-05,2026-08,64,TMBTHANACHART BANK PUBLIC COMPANY LIMITED,SET,Banking,0,0,24.0,80.0,False,Normal
TTCL,2009-06,2026-05,204,TTCL PUBLIC COMPANY LIMITED,SET,Construction Services,1,1,7.950980392156863,26.50326797385621,True,Distress/RS
TTI,1990-01,2026-08,440,THAI TEXTILE INDUSTRY PUBLIC COMPANY LIMITED,SET,Fashion,0,0,18.12727272727273,60.42424242424242,False,Normal
TTLPF,2010-11,2026-08,190,TALAAD THAI LEASEHOLD PROPERTY FUND,SET,Property Fund & REITs,0,0,12.74736842105263,42.49122807017544,False,Normal
TTT,2019-07,2026-08,86,TORAY TEXTILES (THAILAND) PUBLIC COMPANY LIMITED,SET,Fashion,0,0,22.75581395348837,75.85271317829458,False,Normal
TTW,2008-05,2026-08,220,TTW PUBLIC COMPANY LIMITED,SET,Energy & Utilities,0,0,25.740909090909092,85.8030303030303,False,Normal
TU,1994-11,2026-08,382,THAI UNION GROUP PUBLIC COMPANY LIMITED,SET,Food & Beverage,0,0,22.26178010471204,74.20593368237347,False,Normal
TU-PF,2006-12,2026-08,237,T.U. DOME RESIDENTIAL COMPLEX LEASEHOLD PROPERTY FUND,SET,Property Fund & REITs,0,0,12.70042194092827,42.33473980309424,False,Normal
TURBO,2025-09,2026-08,12,Ngernturbo Public Company Limited,SET,Finance & Securities,0,0,16.75,55.833333333333336,False,Normal
TURTLE,2010-11,2026-08,190,SUPER TURTLE PUBLIC COMPANY LIMITED,mai,,0,0,21.689473684210526,72.29824561403508,False,Normal
TVDH,2022-07,2026-08,50,TVD HOLDINGS PUBLIC COMPANY LIMITED,mai,,0,0,27.38,91.26666666666667,False,Normal
TVH,2023-07,2026-08,38,THAIVIVAT HOLDINGS PUBLIC COMPANY LIMITED,SET,Insurance,0,0,16.05263157894737,53.50877192982456,False,Normal
TVO,1990-11,2026-08,430,THAI VEGETABLE OIL PUBLIC COMPANY LIMITED,SET,Food & Beverage,0,0,19.63720930232558,65.45736434108527,False,Normal
TVT,2015-05,2026-08,136,TV THUNDER PUBLIC COMPANY LIMITED,mai,,0,0,22.860294117647058,76.20098039215686,False,Normal
TWP,1989-10,2026-08,443,THAI WIRE PRODUCTS PUBLIC COMPANY LIMITED,SET,Steel and Metal Products,0,0,17.275395033860047,57.58465011286682,False,Normal
TWPC,2015-10,2026-08,131,THAI WAH PUBLIC COMPANY LIMITED,SET,Food & Beverage,0,0,25.366412213740457,84.55470737913485,False,Normal
TWZ,2005-11,2026-08,250,TWZ CORPORATION PUBLIC COMPANY LIMITED,SET,Information & Communication Technology,0,0,23.168,77.22666666666666,False,Normal
TYCN,2003-12,2026-08,273,"TYCOONS WORLDWIDE GROUP (THAILAND) PUBLIC CO.,LTD.",SET,Steel and Metal Products,0,0,23.153846153846153,77.17948717948718,False,Normal
UAC,2010-10,2026-08,191,UAC GLOBAL PUBLIC COMPANY LIMITED,SET,Petrochemicals & Chemicals,0,0,25.287958115183248,84.29319371727749,False,Normal
UBA,2022-12,2026-08,45,Utility Business Alliance Public Company Limited,mai,,0,0,23.31111111111111,77.7037037037037,False,Normal
UBE,2021-09,2026-08,60,UBON BIO ETHANOL PUBLIC COMPANY LIMITED,SET,Energy & Utilities,0,0,25.15,83.83333333333333,False,Normal
UBIS,2007-05,2026-08,232,UBIS (ASIA) PUBLIC COMPANY LIMITED,mai,Industrial Materials & Machinery,0,0,23.40948275862069,78.0316091954023,False,Normal
UEC,2005-12,2026-08,249,UNIMIT ENGINEERING PUBLIC COMPANY LIMITED,mai,,0,0,19.835341365461847,66.11780455153949,False,Normal
UKEM,2006-11,2026-08,238,UNION PETROCHEMICAL PUBLIC COMPANY LIMITED,mai,,0,0,23.80672268907563,79.35574229691878,False,Normal
UMI,1989-10,2026-08,443,THE UNION MOSAIC INDUSTRY PUBLIC COMPANY LIMITED,SET,Construction Materials,0,0,17.69977426636569,58.999247554552305,False,Normal
UMS,2004-07,2026-08,266,UNIQUE MINING SERVICES PUBLIC COMPANY LIMITED,mai,,0,0,22.545112781954888,75.15037593984962,False,Normal
UNIQ,2007-03,2026-08,234,UNIQUE ENGINEERING AND CONSTRUCTION PUBLIC COMPANY LIMITED,SET,Construction Services,0,0,23.824786324786324,79.41595441595442,False,Normal
UNIX,2026-04,2026-08,5,Unique Plastic Industry Public Company Limited,SET,Packaging,0,0,15.8,52.66666666666667,False,Normal
UP,1984-01,2026-08,512,UNION PLASTIC PUBLIC COMPANY LIMITED,SET,Petrochemicals & Chemicals,0,0,15.025390625,50.084635416666664,False,Normal
UPF,1990-01,2026-08,440,UNION PIONEER PUBLIC COMPANY LIMITED,SET,Fashion,0,0,17.454545454545453,58.18181818181818,False,Normal
UPOIC,1991-04,2026-08,425,UNITED PALM OIL INDUSTRY PUBLIC COMPANY LIMITED,SET,Agribusiness,0,0,16.856470588235293,56.18823529411764,False,Normal
UREKA,2013-03,2026-08,162,EUREKA DESIGN PUBLIC COMPANY LIMITED,mai,,0,0,23.364197530864196,77.88065843621399,False,Normal
UTP,2005-12,2026-08,249,UNITED PAPER PUBLIC COMPANY LIMITED,SET,Paper & Printing Materials,0,0,22.497991967871485,74.99330655957162,False,Normal
UV,1988-12,2026-08,453,UNIVENTURES PUBLIC COMPANY LIMITED,SET,Property Development,0,0,17.752759381898453,59.175864606328176,False,Normal
UVAN,2003-11,2026-08,274,UNIVANICH PALM OIL PUBLIC COMPANY LIMITED,SET,Agribusiness,0,0,21.003649635036496,70.01216545012166,False,Normal
VARO,1991-07,2026-08,422,VAROPAKORN PUBLIC COMPANY LIMITED,SET,Industrial Materials & Machinery,0,0,18.232227488151658,60.77409162717219,False,Normal
VCOM,2017-12,2026-08,105,VINTCOM TECHNOLOGY PUBLIC COMPANY LIMITED,mai,,0,0,23.704761904761906,79.01587301587301,False,Normal
VGI,2012-10,2026-08,167,VGI PUBLIC COMPANY LIMITED,SET,Media & Publishing,0,0,24.7125748502994,82.37524950099801,False,Normal
VIBE,2026-05,2026-08,4,VIBE SYNERGY GROUP PUBLIC COMPANY LIMITED,mai,,0,0,21.0,70.0,False,Normal
VIBHA,1992-03,2026-08,414,VIBHAVADI MEDICAL CENTER PUBLIC COMPANY LIMITED,SET,Health Care Services,0,0,18.804347826086957,62.68115942028986,False,Normal
VIH,2012-05,2026-08,172,SRIVICHAIVEJVIVAT PUBLIC COMPANY LIMITED,SET,Health Care Services,0,0,23.802325581395348,79.34108527131782,False,Normal
VL,2019-05,2026-08,88,V.L. ENTERPRISE PUBLIC COMPANY LIMITED,mai,,0,0,23.613636363636363,78.71212121212122,False,Normal
VNG,1995-09,2026-08,372,VANACHAI GROUP PUBLIC COMPANY LIMITED,SET,Construction Materials,0,0,20.448924731182796,68.16308243727599,False,Normal
VPO,2014-11,2026-08,142,VICHITBHAN PALMOIL PUBLIC COMPANY LIMITED,SET,Agribusiness,0,0,23.098591549295776,76.99530516431925,False,Normal
VRANDA,2019-05,2026-08,88,VERANDA RESORT PUBLIC COMPANY LIMITED,SET,Tourism & Leisure,0,0,23.238636363636363,77.46212121212122,False,Normal
VS,2024-11,2026-08,22,VISERVE ENTERPRISE PUBLIC COMPANY LIMITED,mai,,0,0,22.09090909090909,73.63636363636363,False,Normal
WACOAL,1990-01,2026-08,440,THAI WACOAL PUBLIC COMPANY LIMITED,SET,Fashion,0,0,17.186363636363637,57.28787878787879,False,Normal
WARRIX,2022-12,2026-08,45,Warrix Sport Public Company Limited,mai,,0,0,23.22222222222222,77.4074074074074,False,Normal
WASH,2025-11,2026-08,10,Laundry You Public Company Limited,mai,,0,0,6.4,21.333333333333336,False,Normal
WAVE,1994-07,2026-08,386,WAVE EXPONENTIAL PUBLIC COMPANY LIMITED,SET,Professional Services,0,0,18.414507772020727,61.381692573402425,False,Normal
WFX,2021-12,2026-08,57,WORLD FLEX PUBLIC COMPANY LIMITED,SET,Fashion,0,0,22.385964912280702,74.61988304093568,False,Normal
WGE,2020-11,2026-08,70,WELL GRADED ENGINEERING PUBLIC COMPANY LIMITED,SET,Construction Services,0,0,22.914285714285715,76.38095238095238,False,Normal
WHA,2012-11,2026-08,166,WHA CORPORATION PUBLIC COMPANY LIMITED,SET,Property Development,0,0,26.30722891566265,87.69076305220884,False,Normal
WHABT,2015-11,2026-08,130,WHA BUSINESS COMPLEX FREEHOLD AND LEASEHOLD REAL ESTATE INVESTMENT TRUST,SET,Property Fund & REITs,0,0,20.20769230769231,67.35897435897436,False,Normal
WHAIR,2022-06,2026-08,51,WHA INDUSTRIAL LEASEHOLD REAL ESTATE INVESTMENT TRUST,SET,Property Fund & REITs,0,0,20.686274509803923,68.95424836601308,False,Normal
WHART,2014-12,2026-08,141,WHA PREMIUM GROWTH FREEHOLD AND LEASEHOLD REAL ESTATE INVESTMENT TRUST,SET,Property Fund & REITs,0,0,20.602836879432623,68.67612293144208,False,Normal
WHAUP,2017-04,2026-08,113,WHA UTILITIES AND POWER PUBLIC COMPANY LIMITED,SET,Energy & Utilities,0,0,26.07079646017699,86.90265486725663,False,Normal
WICE,2015-07,2026-08,134,WICE LOGISTICS PUBLIC COMPANY LIMITED,SET,Transportation & Logistics,0,0,23.776119402985074,79.25373134328359,False,Normal
WIIK,1996-02,2026-08,367,WIIK PUBLIC COMPANY LIMITED,SET,Construction Materials,0,0,20.588555858310627,68.6285195277021,False,Normal
WIN,2005-12,2026-08,249,WYNCOAST INDUSTRIAL PARK PUBLIC COMPANY LIMITED,SET,Property Development,0,0,23.3855421686747,77.95180722891567,False,Normal
WINDOW,2023-10,2026-08,35,Window Asia Public Company Limited,SET,Construction Materials,0,0,22.685714285714287,75.61904761904762,False,Normal
WINMED,2021-05,2026-08,64,WINNERGY MEDICAL PUBLIC COMPANY LIMITED,mai,,0,0,23.46875,78.22916666666667,False,Normal
WINNER,2013-10,2026-08,155,WINNER GROUP ENTERPRISE PUBLIC COMPANY LIMITED,mai,,0,0,23.741935483870968,79.13978494623656,False,Normal
WORK,2005-12,2026-08,249,WORKPOINT ENTERTAINMENT PUBLIC COMPANY LIMITED,SET,Media & Publishing,0,0,22.365461847389557,74.55153949129853,False,Normal
WP,2018-02,2026-08,103,WP ENERGY PUBLIC COMPANY LIMITED,SET,Energy & Utilities,0,0,23.844660194174757,79.48220064724919,False,Normal
WPH,2017-10,2026-08,107,WATTANAPAT HOSPITAL TRANG PUBLIC COMPANY LIMITED,SET,Health Care Services,0,0,24.214953271028037,80.71651090342678,False,Normal
WSOL,2025-05,2026-05,13,WSOL PUBLIC COMPANY LIMITED,SET,Commerce,0,1,7.153846153846154,23.846153846153847,True,Distress/RS
XBIO,2025-01,2026-08,20,X BIOSCIENCE PUBLIC COMPANY LIMITED,SET,Food & Beverage,0,0,22.2,74.0,False,Normal
XO,2014-08,2026-08,145,EXOTIC FOOD PUBLIC COMPANY LIMITED,mai,,0,0,23.76551724137931,79.2183908045977,False,Normal
XPG,1995-03,2026-08,378,XSPRING CAPITAL PUBLIC COMPANY LIMITED,SET,Finance & Securities,0,0,16.132275132275133,53.774250440917115,False,Normal
XYZ,2025-03,2026-08,18,RSXYZ PUBLIC COMPANY LIMITED,SET,Information & Communication Technology,0,0,23.055555555555557,76.85185185185186,False,Normal
YGG,2020-01,2026-08,80,YGGDRAZIL GROUP PUBLIC COMPANY LIMITED,mai,,0,0,22.775,75.91666666666667,False,Normal
YONG,2022-08,2026-08,49,Yong Concrete Public Company Limited,mai,,0,0,23.489795918367346,78.29931972789115,False,Normal
YUASA,2002-08,2026-08,289,YUASA BATTERY (THAILAND) PUBLIC COMPANY LIMITED,mai,,0,0,8.131487889273357,27.10495963091119,False,Normal
ZAA,2023-09,2026-08,36,ZALEKTA PUBLIC COMPANY LIMITED,SET,Media & Publishing,0,0,22.694444444444443,75.64814814814814,False,Normal
ZEN,2019-02,2026-08,91,ZEN CORPORATION GROUP PUBLIC COMPANY LIMITED,SET,Food & Beverage,0,0,26.692307692307693,88.97435897435898,False,Normal
ZIGA,2017-08,2026-08,109,ZIGA INNOVATION PUBLIC COMPANY LIMITED,mai,Industrial Materials & Machinery,0,0,23.46788990825688,78.22629969418959,False,Normal
